longitude,latitude,SAUID,SAFIELD000,SAFIELD001,SAFIELD002,SAFIELD003,SAFIELD004,SAFIELD005,SAFIELD006,SAFIELD007,SAFIELD008,SAFIELD009,SAFIELD010
138.9783979,37.7078572,1573,中之口東小学校,小吉1100,025-375-2135,025-375-2135,避難所に指定しています。　・災害により住居を失った方を受入れ、保護するために市が指定した施設です。避難所開設は市の職員などが施設の安全を確認して行います。　・開設前に自主的に避難した場合は、市役所（電話228-1000）へご連絡をお願いします。,中之口地区,屋内,西蒲区,5549480,976,81090
138.9807947,37.69202083,1712,新飯田地域生活センター,新飯田1261番地１,025-374-2001,025-374-2001,避難所に指定しています。　・災害により住居を失った方を受入れ、保護するために市が指定した施設です。避難所開設は市の職員などが施設の安全を確認して行います。　・開設前に自主的に避難した場合は、市役所（電話228-1000）へご連絡をお願いします。,白根地区,屋内,南区,5549324,105,61700
138.9820745,37.68731027,1747,新飯田小学校,新飯田1791番地,025-374-2021,025-374-2027,避難所に指定しています。　・災害により住居を失った方を受入れ、保護するために市が指定した施設です。避難所開設は市の職員などが施設の安全を確認して行います。　・開設前に自主的に避難した場合は、市役所（電話228-1000）へご連絡をお願いします。,白根地区,屋内,南区,5549284,704,61020
138.7960525,37.73822262,1617,岩室すこやかセンター,間瀬4290番地１,0256-85-2001, ,避難所に指定しています。　・災害により住居を失った方を受入れ、保護するために市が指定した施設です。避難所開設は市の職員などが施設の安全を確認して行います。　・開設前に自主的に避難した場合は、市役所（電話228-1000）へご連絡をお願いします。,岩室地区,屋内,西蒲区,5549434,276,82030
138.7969927,37.73838515,1621,間瀬公民館,間瀬4287番地１,0256-85-2373, ,避難所に指定しています。　・災害により住居を失った方を受入れ、保護するために市が指定した施設です。避難所開設は市の職員などが施設の安全を確認して行います。　・開設前に自主的に避難した場合は、市役所（電話228-1000）へご連絡をお願いします。,岩室地区,屋内,西蒲区,5549430,69,81720
138.7950859,37.73216201,1888,高屋ふれあいセンター,間瀬5165番地2, , ,避難所に指定しています。　・災害により住居を失った方を受入れ、保護するために市が指定した施設です。避難所開設は市の職員などが施設の安全を確認して行います。　・開設前に自主的に避難した場合は、市役所（電話228-1000）へご連絡をお願いします。,岩室地区,屋内,西蒲区,393,25,82270
138.8451432,37.75661334,1548,入徳館野外研修場,峰岡444番地2,0256-72-2876, ,避難所に指定しています。　・災害により住居を失った方を受入れ、保護するために市が指定した施設です。避難所開設は市の職員などが施設の安全を確認して行います。　・開設前に自主的に避難した場合は、市役所（電話228-1000）へご連絡をお願いします。,巻地区,屋内,西蒲区,5549511,196,81960
138.8511875,37.72973054,1551,岩室小学校,西長島510番地,0256-82-2026,0256-82-5748,避難所に指定しています。　・災害により住居を失った方を受入れ、保護するために市が指定した施設です。避難所開設は市の職員などが施設の安全を確認して行います。　・開設前に自主的に避難した場合は、市役所（電話228-1000）へご連絡をお願いします。,岩室地区,屋内,西蒲区,5549508,1323,81010
138.8672653,37.72634205,1618,岩室地区公民館,西中860番地,0256-82-4444,0256-82-4484,避難所に指定しています。　・災害により住居を失った方を受入れ、保護するために市が指定した施設です。避難所開設は市の職員などが施設の安全を確認して行います。　・開設前に自主的に避難した場合は、市役所（電話228-1000）へご連絡をお願いします。,岩室地区,屋内,西蒲区,5549433,870,81710
138.8767005,37.72767621,1619,岩室農村環境改善センター,和納3930番地,0256-82-5877, ,避難所に指定しています。　・災害により住居を失った方を受入れ、保護するために市が指定した施設です。避難所開設は市の職員などが施設の安全を確認して行います。　・開設前に自主的に避難した場合は、市役所（電話228-1000）へご連絡をお願いします。,岩室地区,屋内,西蒲区,5549432,580,82020
138.8368969,37.73107346,1620,岩室健康増進センター「よりなれ」,石瀬3331番地1,0256-82-2270,0256-82-4483,避難所に指定しています。　・災害により住居を失った方を受入れ、保護するために市が指定した施設です。避難所開設は市の職員などが施設の安全を確認して行います。　・開設前に自主的に避難した場合は、市役所（電話228-1000）へご連絡をお願いします。,岩室地区,屋内,西蒲区,5549431,123,82010
138.881181,37.72082738,1623,和納保育園,和納909番地,0256-82-3009,0256-82-3009,避難所に指定しています。　・災害により住居を失った方を受入れ、保護するために市が指定した施設です。避難所開設は市の職員などが施設の安全を確認して行います。　・開設前に自主的に避難した場合は、市役所（電話228-1000）へご連絡をお願いします。,岩室地区,屋内,西蒲区,5549427,284,81520
138.8411021,37.73212137,1624,岩室保育園,橋本101番地１,0256-82-2165,0256-82-2165,避難所に指定しています。　・災害により住居を失った方を受入れ、保護するために市が指定した施設です。避難所開設は市の職員などが施設の安全を確認して行います。　・開設前に自主的に避難した場合は、市役所（電話228-1000）へご連絡をお願いします。,岩室地区,屋内,西蒲区,5549426,296,81510
138.867282,37.72673297,1625,岩室体育館,西中860番地,0256-82-4444,0256-82-4484,避難所に指定しています。　・災害により住居を失った方を受入れ、保護するために市が指定した施設です。避難所開設は市の職員などが施設の安全を確認して行います。　・開設前に自主的に避難した場合は、市役所（電話228-1000）へご連絡をお願いします。,岩室地区,屋内,西蒲区,5549424,1260,81920
138.8604867,37.72887701,1626,岩室中学校,西中1421番地,0256-82-2059,0256-82-4381,避難所に指定しています。　・災害により住居を失った方を受入れ、保護するために市が指定した施設です。避難所開設は市の職員などが施設の安全を確認して行います。　・開設前に自主的に避難した場合は、市役所（電話228-1000）へご連絡をお願いします。,岩室地区,屋内,西蒲区,5549423,1477,81210
138.8852737,37.72268215,1627,和納小学校,和納1212番地,0256-82-3028,0256-82-5780,避難所に指定しています。　・災害により住居を失った方を受入れ、保護するために市が指定した施設です。避難所開設は市の職員などが施設の安全を確認して行います。　・開設前に自主的に避難した場合は、市役所（電話228-1000）へご連絡をお願いします。,岩室地区,屋内,西蒲区,5549422,1196,81020
138.8818737,37.75442033,1635,巻つくし保育園,堀山新田256,0256-72-3990,0256-72-3990,避難所に指定しています。　・災害により住居を失った方を受入れ、保護するために市が指定した施設です。避難所開設は市の職員などが施設の安全を確認して行います。　・開設前に自主的に避難した場合は、市役所（電話228-1000）へご連絡をお願いします。,巻地区,屋内,西蒲区,5549413,227,81590
138.8921267,37.75501173,1637,西蒲区巻地域保健福祉センター,巻甲4363,0256-72-7100,0256-72-7025,避難所に指定しています。　・災害により住居を失った方を受入れ、保護するために市が指定した施設です。避難所開設は市の職員などが施設の安全を確認して行います。　・開設前に自主的に避難した場合は、市役所（電話228-1000）へご連絡をお願いします。,巻地区,屋内,西蒲区,5549410,238,82080
138.8908741,37.75497967,1639,巻総合高等学校,巻甲4295－１,0256-72-3261,0256-72-1751,避難所に指定しています。　・災害により住居を失った方を受入れ、保護するために市が指定した施設です。避難所開設は市の職員などが施設の安全を確認して行います。　・開設前に自主的に避難した場合は、市役所（電話228-1000）へご連絡をお願いします。,巻地区,屋内,西蒲区,5549408,922,81340
138.8763126,37.75606138,1652,巻南小学校,堀山新田1301,0256-72-2067,0256-72-2502,避難所に指定しています。　・災害により住居を失った方を受入れ、保護するために市が指定した施設です。避難所開設は市の職員などが施設の安全を確認して行います。　・開設前に自主的に避難した場合は、市役所（電話228-1000）へご連絡をお願いします。,巻地区,屋内,西蒲区,5549393,2040,81110
138.9529248,37.73073324,1572,中之口西小学校,打越甲244,025-375-3015,025-375-3015,避難所に指定しています。　・災害により住居を失った方を受入れ、保護するために市が指定した施設です。避難所開設は市の職員などが施設の安全を確認して行います。　・開設前に自主的に避難した場合は、市役所（電話228-1000）へご連絡をお願いします。,中之口地区,屋内,西蒲区,5549481,997,81100
138.9271932,37.74883793,1628,漆山東保育園,漆山3320,0256-76-2315,0256-72-8142,避難所に指定しています。　・災害により住居を失った方を受入れ、保護するために市が指定した施設です。避難所開設は市の職員などが施設の安全を確認して行います。　・開設前に自主的に避難した場合は、市役所（電話228-1000）へご連絡をお願いします。,巻地区,屋内,西蒲区,5549421,181,81620
138.9147752,37.7349538,1629,漆山西保育園,並岡10－2,0256-72-8142,0256-72-8142,避難所に指定しています。　・災害により住居を失った方を受入れ、保護するために市が指定した施設です。避難所開設は市の職員などが施設の安全を確認して行います。　・開設前に自主的に避難した場合は、市役所（電話228-1000）へご連絡をお願いします。,巻地区,屋内,西蒲区,5549420,170,81610
138.9190053,37.74807395,1644,漆山公民館,馬堀6001－56,0256-73-2660, ,避難所に指定しています。　・災害により住居を失った方を受入れ、保護するために市が指定した施設です。避難所開設は市の職員などが施設の安全を確認して行います。　・開設前に自主的に避難した場合は、市役所（電話228-1000）へご連絡をお願いします。,巻地区,屋内,西蒲区,5549401,122,81740
138.9266946,37.74873008,1645,漆山グラウンド・体育館,漆山3299-3,0256-73-2501, ,避難所に指定しています。　・災害により住居を失った方を受入れ、保護するために市が指定した施設です。避難所開設は市の職員などが施設の安全を確認して行います。　・開設前に自主的に避難した場合は、市役所（電話228-1000）へご連絡をお願いします。,巻地区,屋内,西蒲区,5549400,384,81950
138.9011575,37.74520654,1646,巻東中学校,潟頭1493,0256-72-3332,0256-72-3632,避難所に指定しています。　・災害により住居を失った方を受入れ、保護するために市が指定した施設です。避難所開設は市の職員などが施設の安全を確認して行います。　・開設前に自主的に避難した場合は、市役所（電話228-1000）へご連絡をお願いします。,巻地区,屋内,西蒲区,5549399,2152,81260
138.9201235,37.74304795,1650,漆山小学校,馬堀4515,0256-73-2036,0256-73-2036,避難所に指定しています。　・災害により住居を失った方を受入れ、保護するために市が指定した施設です。避難所開設は市の職員などが施設の安全を確認して行います。　・開設前に自主的に避難した場合は、市役所（電話228-1000）へご連絡をお願いします。,巻地区,屋内,西蒲区,5549395,1030,81130
138.9507486,37.75178674,1656,潟東南小学校,今井1031番地,0256-86-2205,0256-86-3665,避難所に指定しています。　・災害により住居を失った方を受入れ、保護するために市が指定した施設です。避難所開設は市の職員などが施設の安全を確認して行います。　・開設前に自主的に避難した場合は、市役所（電話228-1000）へご連絡をお願いします。,潟東地区,屋内,西蒲区,5549389,782,81080
139.0058476,37.75595395,1559,味方地区千日運動施設,西白根262番地,025-372-2659, ,避難所に指定しています。　・災害により住居を失った方を受入れ、保護するために市が指定した施設です。避難所開設は市の職員などが施設の安全を確認して行います。　・開設前に自主的に避難した場合は、市役所（電話228-1000）へご連絡をお願いします。,味方地区,屋内,南区,5549498,143,62040
138.96078,37.72510455,1566,中之口老人福祉センター,福島323,025-375-3230, ,避難所に指定しています。　・災害により住居を失った方を受入れ、保護するために市が指定した施設です。避難所開設は市の職員などが施設の安全を確認して行います。　・開設前に自主的に避難した場合は、市役所（電話228-1000）へご連絡をお願いします。,中之口地区,屋内,西蒲区,5549487,94,82090
138.9685825,37.71223629,1567,中之口地区公民館,中之口310,025-375-5008, ,避難所に指定しています。　・災害により住居を失った方を受入れ、保護するために市が指定した施設です。避難所開設は市の職員などが施設の安全を確認して行います。　・開設前に自主的に避難した場合は、市役所（電話228-1000）へご連絡をお願いします。,中之口地区,屋内,西蒲区,5549486,745,81730
138.967123,37.72143392,1568,なかのくち保育園,三ツ門59-2,025-375-3060, ,避難所に指定しています。　・災害により住居を失った方を受入れ、保護するために市が指定した施設です。避難所開設は市の職員などが施設の安全を確認して行います。　・開設前に自主的に避難した場合は、市役所（電話228-1000）へご連絡をお願いします。,中之口地区,屋内,西蒲区,5549485,356,81550
138.9672154,37.72204087,1569,中之口幼稚園,三ツ門57－１,025-375-2528, ,避難所に指定しています。　・災害により住居を失った方を受入れ、保護するために市が指定した施設です。避難所開設は市の職員などが施設の安全を確認して行います。　・開設前に自主的に避難した場合は、市役所（電話228-1000）へご連絡をお願いします。,中之口地区,屋内,西蒲区,5549484,419,81410
138.967428,37.71253218,1570,中之口体育館,中之口298,025-375-5007,025-375-5454,避難所に指定しています。　・災害により住居を失った方を受入れ、保護するために市が指定した施設です。避難所開設は市の職員などが施設の安全を確認して行います。　・開設前に自主的に避難した場合は、市役所（電話228-1000）へご連絡をお願いします。,中之口地区,屋内,西蒲区,5549483,770,81930
138.9673334,37.71791925,1571,中之口中学校,中之口660,025-375-2337,025-375-2797,避難所に指定しています。　・災害により住居を失った方を受入れ、保護するために市が指定した施設です。避難所開設は市の職員などが施設の安全を確認して行います。　・開設前に自主的に避難した場合は、市役所（電話228-1000）へご連絡をお願いします。,中之口地区,屋内,西蒲区,5549482,1387,81240
138.9984289,37.73099826,1599,南区月潟健康センター,月潟1417番地,025-375-1020,025-375-1022,避難所に指定しています。　・災害により住居を失った方を受入れ、保護するために市が指定した施設です。避難所開設は市の職員などが施設の安全を確認して行います。　・開設前に自主的に避難した場合は、市役所（電話228-1000）へご連絡をお願いします。,月潟地区,屋内,南区,5549454,607,62130
138.9947789,37.73223015,1600,いこいの家月寿荘,月潟770番地,025-375-2474, ,避難所に指定しています。　・災害により住居を失った方を受入れ、保護するために市が指定した施設です。避難所開設は市の職員などが施設の安全を確認して行います。　・開設前に自主的に避難した場合は、市役所（電話228-1000）へご連絡をお願いします。,月潟地区,屋内,南区,5549452,230,62330
138.9953892,37.73380542,1601,月潟農村環境改善センター,西萱場1069番地,025-375-5500, ,避難所に指定しています。　・災害により住居を失った方を受入れ、保護するために市が指定した施設です。避難所開設は市の職員などが施設の安全を確認して行います。　・開設前に自主的に避難した場合は、市役所（電話228-1000）へご連絡をお願いします。,月潟地区,屋内,南区,5549451,507,62220
138.9912906,37.72798636,1602,月潟地区公民館,月潟535番地,025-375-1050,025-375-1051,避難所に指定しています。　・災害により住居を失った方を受入れ、保護するために市が指定した施設です。避難所開設は市の職員などが施設の安全を確認して行います。　・開設前に自主的に避難した場合は、市役所（電話228-1000）へご連絡をお願いします。,月潟地区,屋内,南区,5549450,312,61860
138.9948186,37.73363508,1603,月潟中学校,月潟740番地,025-375-2106,025-375-2917,避難所に指定しています。　・災害により住居を失った方を受入れ、保護するために市が指定した施設です。避難所開設は市の職員などが施設の安全を確認して行います。　・開設前に自主的に避難した場合は、市役所（電話228-1000）へご連絡をお願いします。,月潟地区,屋内,南区,5549448,1337,61260
138.9980455,37.73154898,1604,月潟小学校,月潟1410番地,025-375-2046,025-375-1404,避難所に指定しています。　・災害により住居を失った方を受入れ、保護するために市が指定した施設です。避難所開設は市の職員などが施設の安全を確認して行います。　・開設前に自主的に避難した場合は、市役所（電話228-1000）へご連絡をお願いします。,月潟地区,屋内,南区,5549447,1059,61110
138.9975562,37.71793442,1711,茨曽根地域生活センター,茨曽根3443番地,025-375-2035,025-375-2035,避難所に指定しています。　・災害により住居を失った方を受入れ、保護するために市が指定した施設です。避難所開設は市の職員などが施設の安全を確認して行います。　・開設前に自主的に避難した場合は、市役所（電話228-1000）へご連絡をお願いします。,白根地区,屋内,南区,5549325,81,61690
139.0130279,37.75448322,1715,諏訪木保育園,白根水道町10番地35,025-372-2628,025-372-2628,避難所に指定しています。　・災害により住居を失った方を受入れ、保護するために市が指定した施設です。避難所開設は市の職員などが施設の安全を確認して行います。　・開設前に自主的に避難した場合は、市役所（電話228-1000）へご連絡をお願いします。,白根地区,屋内,南区,5549321,146,61410
139.0176275,37.71283517,1737,白南中学校,茨曽根7619番地,025-375-1250,025-375-1255,避難所に指定しています。　・災害により住居を失った方を受入れ、保護するために市が指定した施設です。避難所開設は市の職員などが施設の安全を確認して行います。　・開設前に自主的に避難した場合は、市役所（電話228-1000）へご連絡をお願いします。,白根地区,屋内,南区,5549295,1613,61240
138.9997388,37.71816595,1746,茨曽根小学校,茨曽根1432番地１,025-375-2119,025-375-1530,避難所に指定しています。　・災害により住居を失った方を受入れ、保護するために市が指定した施設です。避難所開設は市の職員などが施設の安全を確認して行います。　・開設前に自主的に避難した場合は、市役所（電話228-1000）へご連絡をお願いします。,白根地区,屋内,南区,5549285,768,61030
139.0883321,37.73311228,1584,小須戸温泉健康センター,天ヶ沢498番地１,0250-38-5800, ,避難所に指定しています。　・災害により住居を失った方を受入れ、保護するために市が指定した施設です。避難所開設は市の職員などが施設の安全を確認して行います。　・開設前に自主的に避難した場合は、市役所（電話228-1000）へご連絡をお願いします。,小須戸地区,屋内,秋葉区,5549469,123,52030
139.076544,37.75328199,1586,小須戸幼稚園,横川浜527番地１,0250-38-2670, ,避難所に指定しています。　・災害により住居を失った方を受入れ、保護するために市が指定した施設です。避難所開設は市の職員などが施設の安全を確認して行います。　・開設前に自主的に避難した場合は、市役所（電話228-1000）へご連絡をお願いします。,小須戸地区,屋内,秋葉区,5549467,204,51570
139.0841135,37.73173573,1587,鎌倉地域研修センター,鎌倉273番地１,0250-38-2907, ,避難所に指定しています。　・災害により住居を失った方を受入れ、保護するために市が指定した施設です。避難所開設は市の職員などが施設の安全を確認して行います。　・開設前に自主的に避難した場合は、市役所（電話228-1000）へご連絡をお願いします。,小須戸地区,屋内,秋葉区,5549466,73,52220
139.0683155,37.74194678,1589,ワークセンターほほえみ,小向1744番地,0250-38-3015,0250-38-3015,避難所に指定しています。　・災害により住居を失った方を受入れ、保護するために市が指定した施設です。避難所開設は市の職員などが施設の安全を確認して行います。　・開設前に自主的に避難した場合は、市役所（電話228-1000）へご連絡をお願いします。,小須戸地区,屋内,秋葉区,5549464,44,52050
139.0715855,37.75566923,1592,小須戸地区公民館,小須戸117番地１,0250-38-2234, ,避難所に指定しています。　・災害により住居を失った方を受入れ、保護するために市が指定した施設です。避難所開設は市の職員などが施設の安全を確認して行います。　・開設前に自主的に避難した場合は、市役所（電話228-1000）へご連絡をお願いします。,小須戸地区,屋内,秋葉区,5549461,1581,52720
139.0911451,37.74049518,1593,小須戸地区ふれあい会館,矢代田35番地,0250-38-3151, ,避難所に指定しています。　・災害により住居を失った方を受入れ、保護するために市が指定した施設です。避難所開設は市の職員などが施設の安全を確認して行います。　・開設前に自主的に避難した場合は、市役所（電話228-1000）へご連絡をお願いします。,小須戸地区,屋内,秋葉区,5549460,306,52040
139.0772354,37.75297081,1594,小須戸武道館,横川浜239番地１,0250-38-2121,0250-38-2121,避難所に指定しています。　・災害により住居を失った方を受入れ、保護するために市が指定した施設です。避難所開設は市の職員などが施設の安全を確認して行います。　・開設前に自主的に避難した場合は、市役所（電話228-1000）へご連絡をお願いします。,小須戸地区,屋内,秋葉区,5549459,247,51840
139.0761938,37.75254764,1595,小須戸体育館,横川浜526番地２, , ,避難所に指定しています。　・災害により住居を失った方を受入れ、保護するために市が指定した施設です。避難所開設は市の職員などが施設の安全を確認して行います。　・開設前に自主的に避難した場合は、市役所（電話228-1000）へご連絡をお願いします。,小須戸地区,屋内,秋葉区,5549458,651,51830
139.0750063,37.75280844,1596,小須戸中学校,横川浜526番地１,0250-38-2133,0250-38-4100,避難所に指定しています。　・災害により住居を失った方を受入れ、保護するために市が指定した施設です。避難所開設は市の職員などが施設の安全を確認して行います。　・開設前に自主的に避難した場合は、市役所（電話228-1000）へご連絡をお願いします。,小須戸地区,屋内,秋葉区,5549457,1519,51260
139.0926863,37.73949845,1597,矢代田小学校,矢代田5596番地,0250-38-2233,0250-38-2204,避難所に指定しています。　・災害により住居を失った方を受入れ、保護するために市が指定した施設です。避難所開設は市の職員などが施設の安全を確認して行います。　・開設前に自主的に避難した場合は、市役所（電話228-1000）へご連絡をお願いします。,小須戸地区,屋内,秋葉区,5549456,904,51130
139.0719706,37.75219167,1598,小須戸小学校,横川浜541番地１,0250-38-3500,0250-38-3501,避難所に指定しています。　・災害により住居を失った方を受入れ、保護するために市が指定した施設です。避難所開設は市の職員などが施設の安全を確認して行います。　・開設前に自主的に避難した場合は、市役所（電話228-1000）へご連絡をお願いします。,小須戸地区,屋内,秋葉区,5549455,1564,51120
139.0327908,37.74770868,1709,小林地域生活センター,下木山613番地,025-372-3033,025-372-3033,避難所に指定しています。　・災害により住居を失った方を受入れ、保護するために市が指定した施設です。避難所開設は市の職員などが施設の安全を確認して行います。　・開設前に自主的に避難した場合は、市役所（電話228-1000）へご連絡をお願いします。,白根地区,屋内,南区,5549328,85,61680
139.0410014,37.71885596,1710,庄瀬地域生活センター,庄瀬6489番地,025-372-2901,025-372-2901,避難所に指定しています。　・災害により住居を失った方を受入れ、保護するために市が指定した施設です。避難所開設は市の職員などが施設の安全を確認して行います。　・開設前に自主的に避難した場合は、市役所（電話228-1000）へご連絡をお願いします。,白根地区,屋内,南区,5549327,102,61660
139.0308978,37.75498156,1745,小林小学校,浦梨215番地１,025-372-2437,025-372-2450,避難所に指定しています。　・災害により住居を失った方を受入れ、保護するために市が指定した施設です。避難所開設は市の職員などが施設の安全を確認して行います。　・開設前に自主的に避難した場合は、市役所（電話228-1000）へご連絡をお願いします。,白根地区,屋内,南区,5549287,874,61050
139.0426137,37.72169344,1891,庄瀬小学校,菱潟新田193番地,025-372-2909, ,避難所に指定しています。　・災害により住居を失った方を受入れ、保護するために市が指定した施設です。避難所開設は市の職員などが施設の安全を確認して行います。　・開設前に自主的に避難した場合は、市役所（電話228-1000）へご連絡をお願いします。,白根地区,屋内,南区,397,991,61040
139.1018175,37.75472095,1535,新津南高等学校,矢代田3200番地１,0250-38-2912,0250-38-5424,避難所に指定しています。　・災害により住居を失った方を受入れ、保護するために市が指定した施設です。避難所開設は市の職員などが施設の安全を確認して行います。　・開設前に自主的に避難した場合は、市役所（電話228-1000）へご連絡をお願いします。,秋葉区,屋内,秋葉区,9326921,863,51330
139.0949615,37.7503027,1590,矢代田保育園,矢代田1237番地１,0250-38-2269,0250-38-5294,避難所に指定しています。　・災害により住居を失った方を受入れ、保護するために市が指定した施設です。避難所開設は市の職員などが施設の安全を確認して行います。　・開設前に自主的に避難した場合は、市役所（電話228-1000）へご連絡をお願いします。,小須戸地区,屋内,秋葉区,5549463,109,51650
139.1121708,37.74914413,1716,石油の里公園観光物産館,金津1193番地,0250-22-6911,0250-22-6910,避難所に指定しています。　・災害により住居を失った方を受入れ、保護するために市が指定した施設です。避難所開設は市の職員などが施設の安全を確認して行います。　・開設前に自主的に避難した場合は、市役所（電話228-1000）へご連絡をお願いします。,新津地区,屋内,秋葉区,5549319,89,52310
138.8145139,37.77122348,1633,巻ふるさと会館,五ヶ浜2237,0256-78-2211, ,避難所に指定しています。　・災害により住居を失った方を受入れ、保護するために市が指定した施設です。避難所開設は市の職員などが施設の安全を確認して行います。　・開設前に自主的に避難した場合は、市役所（電話228-1000）へご連絡をお願いします。,巻地区,屋内,西蒲区,5549415,166,82230
138.8815838,37.75863036,1527,西蒲高等特別支援学校,堀山新田51－１,0256-72-2049,0256-72-1718,避難所に指定しています。　・災害により住居を失った方を受入れ、保護するために市が指定した施設です。避難所開設は市の職員などが施設の安全を確認して行います。　・開設前に自主的に避難した場合は、市役所（電話228-1000）へご連絡をお願いします。,巻地区,屋内,西蒲区,5549407,509,81330
138.8316843,37.76006292,1550,じょんのび館,福井4067,0256-72-4126,0256-72-1126,避難所に指定しています。　・災害により住居を失った方を受入れ、保護するために市が指定した施設です。避難所開設は市の職員などが施設の安全を確認して行います。　・開設前に自主的に避難した場合は、市役所（電話228-1000）へご連絡をお願いします。,巻地区,屋内,西蒲区,5549509,242,82220
138.8647171,37.75706655,1630,峰岡公民館,鷲ノ木1633-9,0256-73-4055, ,避難所に指定しています。　・災害により住居を失った方を受入れ、保護するために市が指定した施設です。避難所開設は市の職員などが施設の安全を確認して行います。　・開設前に自主的に避難した場合は、市役所（電話228-1000）へご連絡をお願いします。,巻地区,屋内,西蒲区,5549419,119,81760
138.8833558,37.76401785,1631,巻やすらぎ会館,巻甲121－１,0256-72-7120, ,避難所に指定しています。　・災害により住居を失った方を受入れ、保護するために市が指定した施設です。避難所開設は市の職員などが施設の安全を確認して行います。　・開設前に自主的に避難した場合は、市役所（電話228-1000）へご連絡をお願いします。,巻地区,屋内,西蒲区,5549417,133,82240
138.8887562,37.75924108,1632,巻保育園,巻甲2644,0256-72-3356,0256-72-3356,避難所に指定しています。　・災害により住居を失った方を受入れ、保護するために市が指定した施設です。避難所開設は市の職員などが施設の安全を確認して行います。　・開設前に自主的に避難した場合は、市役所（電話228-1000）へご連絡をお願いします。,巻地区,屋内,西蒲区,5549416,229,81580
138.8284168,37.75934177,1634,巻農村環境改善センター,福井3975番地１,0256-72-8848, ,避難所に指定しています。　・災害により住居を失った方を受入れ、保護するために市が指定した施設です。避難所開設は市の職員などが施設の安全を確認して行います。　・開設前に自主的に避難した場合は、市役所（電話228-1000）へご連絡をお願いします。,巻地区,屋内,西蒲区,5549414,454,82070
138.884091,37.75882711,1636,巻文化会館・巻地区公民館,巻甲635,0256-72-3329,0256-73-4746,避難所に指定しています。　・災害により住居を失った方を受入れ、保護するために市が指定した施設です。避難所開設は市の職員などが施設の安全を確認して行います。　・開設前に自主的に避難した場合は、市役所（電話228-1000）へご連絡をお願いします。,巻地区,屋内,西蒲区,5549412,2977,82120
138.8835383,37.7589893,1638,巻体育館,巻甲647,0256-72-0050, ,避難所に指定しています。　・災害により住居を失った方を受入れ、保護するために市が指定した施設です。避難所開設は市の職員などが施設の安全を確認して行います。　・開設前に自主的に避難した場合は、市役所（電話228-1000）へご連絡をお願いします。,巻地区,屋内,西蒲区,5549409,732,81910
138.8808011,37.76285702,1640,巻高等学校,巻乙30－１,0256-72-2351,0256-73-4424,避難所に指定しています。　・災害により住居を失った方を受入れ、保護するために市が指定した施設です。避難所開設は市の職員などが施設の安全を確認して行います。　・開設前に自主的に避難した場合は、市役所（電話228-1000）へご連絡をお願いします。,巻地区,屋内,西蒲区,5549406,964,81320
138.8317586,37.75942053,1642,角田山自然館,福井4067,0256-73-4817, ,避難所に指定しています。　・災害により住居を失った方を受入れ、保護するために市が指定した施設です。避難所開設は市の職員などが施設の安全を確認して行います。　・開設前に自主的に避難した場合は、市役所（電話228-1000）へご連絡をお願いします。,巻地区,屋内,西蒲区,5549403,151,82210
138.8753977,37.78063567,1643,かきの実保育園,仁箇1443-1,0256-72-0770, ,避難所に指定しています。　・災害により住居を失った方を受入れ、保護するために市が指定した施設です。避難所開設は市の職員などが施設の安全を確認して行います。　・開設前に自主的に避難した場合は、市役所（電話228-1000）へご連絡をお願いします。,巻地区,屋内,西蒲区,5549402,151,81560
138.8790676,37.77560183,1647,巻西中学校,仁箇42－１,0256-72-3387,0256-72-8985,避難所に指定しています。　・災害により住居を失った方を受入れ、保護するために市が指定した施設です。避難所開設は市の職員などが施設の安全を確認して行います。　・開設前に自主的に避難した場合は、市役所（電話228-1000）へご連絡をお願いします。,巻地区,屋内,西蒲区,5549398,2166,81250
138.8783348,37.79633008,1648,松野尾小学校,松野尾690,0256-72-2811,0256-72-2907,避難所に指定しています。　・災害により住居を失った方を受入れ、保護するために市が指定した施設です。避難所開設は市の職員などが施設の安全を確認して行います。　・開設前に自主的に避難した場合は、市役所（電話228-1000）へご連絡をお願いします。,巻地区,屋内,西蒲区,5549397,957,81150
138.8772013,37.76468412,1651,巻北小学校,竹野町163,0256-72-6131,0256-72-6132,避難所に指定しています。　・災害により住居を失った方を受入れ、保護するために市が指定した施設です。避難所開設は市の職員などが施設の安全を確認して行います。　・開設前に自主的に避難した場合は、市役所（電話228-1000）へご連絡をお願いします。,巻地区,屋内,西蒲区,5549394,1749,81120
138.8761353,37.79912018,1894,新潟市松野尾地域コミュニティセンター,西蒲区松野尾２８５２番地３,0256-78-8893, ,避難所に指定しています。　・災害により住居を失った方を受入れ、保護するために市が指定した施設です。避難所開設は市の職員などが施設の安全を確認して行います。　・開設前に自主的に避難した場合は、市役所（電話228-1000）へご連絡をお願いします。,巻地区,屋内,西蒲区,400,128,82280
138.912964,37.78755411,1557,西川だいろの家,松崎73,0256-88-7610, ,避難所に指定しています。　・災害により住居を失った方を受入れ、保護するために市が指定した施設です。避難所開設は市の職員などが施設の安全を確認して行います。　・開設前に自主的に避難した場合は、市役所（電話228-1000）へご連絡をお願いします。,西川地区,屋内,西蒲区,5549500,33,82260
138.9112792,37.78890499,1575,いこいの家西川荘,川崎308-4,0256-88-2218, ,避難所に指定しています。　・災害により住居を失った方を受入れ、保護するために市が指定した施設です。避難所開設は市の職員などが施設の安全を確認して行います。　・開設前に自主的に避難した場合は、市役所（電話228-1000）へご連絡をお願いします。,西川地区,屋内,西蒲区,5549478,236,82250
138.9217667,37.79143626,1576,西蒲区西川健康センター,旗屋701-2,0256-88-5311,0256-88-5312,避難所に指定しています。　・災害により住居を失った方を受入れ、保護するために市が指定した施設です。避難所開設は市の職員などが施設の安全を確認して行います。　・開設前に自主的に避難した場合は、市役所（電話228-1000）へご連絡をお願いします。,西川地区,屋内,西蒲区,5549477,226,82050
138.922541,37.79459796,1577,西川学習館,曽根1951,0256-88-6200, ,避難所に指定しています。　・災害により住居を失った方を受入れ、保護するために市が指定した施設です。避難所開設は市の職員などが施設の安全を確認して行います。　・開設前に自主的に避難した場合は、市役所（電話228-1000）へご連絡をお願いします。,西川地区,屋内,西蒲区,5549476,929,82110
138.9134229,37.78862628,1578,西川体育センター,川崎1-1,0256-88-7383, ,避難所に指定しています。　・災害により住居を失った方を受入れ、保護するために市が指定した施設です。避難所開設は市の職員などが施設の安全を確認して行います。　・開設前に自主的に避難した場合は、市役所（電話228-1000）へご連絡をお願いします。,西川地区,屋内,西蒲区,5549475,678,82040
138.9145722,37.78928604,1579,西川竹園高等学校,魲２－１,0256-88-3131,0256-88-2172,避難所に指定しています。　・災害により住居を失った方を受入れ、保護するために市が指定した施設です。避難所開設は市の職員などが施設の安全を確認して行います。　・開設前に自主的に避難した場合は、市役所（電話228-1000）へご連絡をお願いします。,西川地区,屋内,西蒲区,5549474,867,81310
138.9265288,37.79460638,1580,西川中学校,曽根1828－３,0256-88-3148,0256-88-3149,避難所に指定しています。　・災害により住居を失った方を受入れ、保護するために市が指定した施設です。避難所開設は市の職員などが施設の安全を確認して行います。　・開設前に自主的に避難した場合は、市役所（電話228-1000）へご連絡をお願いします。,西川地区,屋内,西蒲区,5549473,2658,81220
138.9189264,37.79558552,1582,曽根小学校,曽根750,0256-88-3128,0256-88-3129,避難所に指定しています。　・災害により住居を失った方を受入れ、保護するために市が指定した施設です。避難所開設は市の職員などが施設の安全を確認して行います。　・開設前に自主的に避難した場合は、市役所（電話228-1000）へご連絡をお願いします。,西川地区,屋内,西蒲区,5549471,1542,81040
138.9013563,37.78650044,1583,鎧郷小学校,天竺堂412-4,0256-88-2121,0256-88-3170,避難所に指定しています。　・災害により住居を失った方を受入れ、保護するために市が指定した施設です。避難所開設は市の職員などが施設の安全を確認して行います。　・開設前に自主的に避難した場合は、市役所（電話228-1000）へご連絡をお願いします。,西川地区,屋内,西蒲区,5549470,983,81030
138.9495933,37.777852,1657,潟東西小学校,横戸135番地,0256-86-2014,0256-86-3667,避難所に指定しています。　・災害により住居を失った方を受入れ、保護するために市が指定した施設です。避難所開設は市の職員などが施設の安全を確認して行います。　・開設前に自主的に避難した場合は、市役所（電話228-1000）へご連絡をお願いします。,潟東地区,屋内,西蒲区,5549388,808,81070
139.0191925,37.75867069,1553,南区白根健康センター,上下諏訪木817番地１,025-373-4300,025-373-6090,避難所に指定しています。　・災害により住居を失った方を受入れ、保護するために市が指定した施設です。避難所開設は市の職員などが施設の安全を確認して行います。　・開設前に自主的に避難した場合は、市役所（電話228-1000）へご連絡をお願いします。,白根地区,屋内,南区,5549506,74,62110
139.0199425,37.76575925,1556,白根地域生活センター,白根1136番地１,025-373-2800, ,避難所に指定しています。　・災害により住居を失った方を受入れ、保護するために市が指定した施設です。避難所開設は市の職員などが施設の安全を確認して行います。　・開設前に自主的に避難した場合は、市役所（電話228-1000）へご連絡をお願いします。,白根地区,屋内,南区,5549503,544,61670
139.008401,37.77829531,1558,老人福祉センターいこいの家楽友荘・南区味方健康センター,味方583番地１,025-372-1158, ,避難所に指定しています。　・災害により住居を失った方を受入れ、保護するために市が指定した施設です。避難所開設は市の職員などが施設の安全を確認して行います。　・開設前に自主的に避難した場合は、市役所（電話228-1000）へご連絡をお願いします。,味方地区,屋内,南区,5549499,215,62120
139.0084218,37.80056765,1560,七穂公民館,吉江238番地１,025-372-2409, ,避難所に指定しています。　・災害により住居を失った方を受入れ、保護するために市が指定した施設です。避難所開設は市の職員などが施設の安全を確認して行います。　・開設前に自主的に避難した場合は、市役所（電話228-1000）へご連絡をお願いします。,味方地区,屋内,南区,5549495,218,61840
139.0104252,37.77804238,1561,味方公民館,味方685番地１,025-372-4180, ,避難所に指定しています。　・災害により住居を失った方を受入れ、保護するために市が指定した施設です。避難所開設は市の職員などが施設の安全を確認して行います。　・開設前に自主的に避難した場合は、市役所（電話228-1000）へご連絡をお願いします。,味方地区,屋内,南区,5549494,185,61830
139.0106081,37.76558526,1562,西白根公民館,西白根1563番地１,025-372-3074, ,避難所に指定しています。　・災害により住居を失った方を受入れ、保護するために市が指定した施設です。避難所開設は市の職員などが施設の安全を確認して行います。　・開設前に自主的に避難した場合は、市役所（電話228-1000）へご連絡をお願いします。,味方地区,屋内,南区,5549493,185,61820
139.0065942,37.77307153,1563,味方体育館・味方地区公民館,西白根2676番地,025-373-4788, ,避難所に指定しています。　・災害により住居を失った方を受入れ、保護するために市が指定した施設です。避難所開設は市の職員などが施設の安全を確認して行います。　・開設前に自主的に避難した場合は、市役所（電話228-1000）へご連絡をお願いします。,味方地区,屋内,南区,5549492,1150,61810
139.0121811,37.78819177,1564,味方中学校,味方1199番地,025-372-2078,025-372-4745,避難所に指定しています。　・災害により住居を失った方を受入れ、保護するために市が指定した施設です。避難所開設は市の職員などが施設の安全を確認して行います。　・開設前に自主的に避難した場合は、市役所（電話228-1000）へご連絡をお願いします。,味方地区,屋内,南区,5549489,1470,61250
139.0116129,37.7897398,1565,味方小学校,吉江370番地,025-372-3273,025-373-3370,避難所に指定しています。　・災害により住居を失った方を受入れ、保護するために市が指定した施設です。避難所開設は市の職員などが施設の安全を確認して行います。　・開設前に自主的に避難した場合は、市役所（電話228-1000）へご連絡をお願いします。,味方地区,屋内,南区,5549488,1129,61100
138.9654393,37.76672319,1653,潟東農村環境改善センター,三方１番地,0256-86-2311, ,避難所に指定しています。　・災害により住居を失った方を受入れ、保護するために市が指定した施設です。避難所開設は市の職員などが施設の安全を確認して行います。　・開設前に自主的に避難した場合は、市役所（電話228-1000）へご連絡をお願いします。,潟東地区,屋内,西蒲区,5549392,556,82060
138.9649871,37.76718099,1654,潟東体育館,三方２番地,0256-86-3115, ,避難所に指定しています。　・災害により住居を失った方を受入れ、保護するために市が指定した施設です。避難所開設は市の職員などが施設の安全を確認して行います。　・開設前に自主的に避難した場合は、市役所（電話228-1000）へご連絡をお願いします。,潟東地区,屋内,西蒲区,5549391,1502,81940
138.9617149,37.77267277,1655,潟東中学校,三方250番地,0256-86-3007,0256-86-3568,避難所に指定しています。　・災害により住居を失った方を受入れ、保護するために市が指定した施設です。避難所開設は市の職員などが施設の安全を確認して行います。　・開設前に自主的に避難した場合は、市役所（電話228-1000）へご連絡をお願いします。,潟東地区,屋内,西蒲区,5549390,1364,81230
138.9739275,37.76360498,1658,潟東東小学校,大原2397番地,0256-86-2305,0256-86-3666,避難所に指定しています。　・災害により住居を失った方を受入れ、保護するために市が指定した施設です。避難所開設は市の職員などが施設の安全を確認して行います。　・開設前に自主的に避難した場合は、市役所（電話228-1000）へご連絡をお願いします。,潟東地区,屋内,西蒲区,5549387,964,81060
139.021692,37.75787637,1700,白根学習館,田中383番地,025-372-5533,025-372-5513,避難所に指定しています。　・災害により住居を失った方を受入れ、保護するために市が指定した施設です。避難所開設は市の職員などが施設の安全を確認して行います。　・開設前に自主的に避難した場合は、市役所（電話228-1000）へご連絡をお願いします。,白根地区,屋内,南区,5549341,594,61910
139.0247382,37.75766633,1703,白根カルチャーセンター,上下諏訪木1811番地,025-373-6311,025-373-6363,避難所に指定しています。　・災害により住居を失った方を受入れ、保護するために市が指定した施設です。避難所開設は市の職員などが施設の安全を確認して行います。　・開設前に自主的に避難した場合は、市役所（電話228-1000）へご連絡をお願いします。,白根地区,屋内,南区,5549338,1064,62050
139.0249105,37.76956199,1713,古川保育園,七軒383番地,025-372-2490,025-372-2490,避難所に指定しています。　・災害により住居を失った方を受入れ、保護するために市が指定した施設です。避難所開設は市の職員などが施設の安全を確認して行います。　・開設前に自主的に避難した場合は、市役所（電話228-1000）へご連絡をお願いします。,白根地区,屋内,南区,5549323,146,61430
139.0150956,37.76390204,1714,白根保育園,白根2444番地,025-372-2506,025-372-2506,避難所に指定しています。　・災害により住居を失った方を受入れ、保護するために市が指定した施設です。避難所開設は市の職員などが施設の安全を確認して行います。　・開設前に自主的に避難した場合は、市役所（電話228-1000）へご連絡をお願いします。,白根地区,屋内,南区,5549322,134,61420
139.0158583,37.76434247,1748,白根小学校,白根1407番地,025-372-3145,025-372-3147,避難所に指定しています。　・災害により住居を失った方を受入れ、保護するために市が指定した施設です。避難所開設は市の職員などが施設の安全を確認して行います。　・開設前に自主的に避難した場合は、市役所（電話228-1000）へご連絡をお願いします。,白根地区,屋内,南区,5549283,1924,61010
139.0160136,37.76559388,1890,白根児童センター,白根1372番地,025-372-0530,025-372-0549,避難所に指定しています。　・災害により住居を失った方を受入れ、保護するために市が指定した施設です。避難所開設は市の職員などが施設の安全を確認して行います。　・開設前に自主的に避難した場合は、市役所（電話228-1000）へご連絡をお願いします。,白根地区,屋内,南区,395,385,62010
139.0031532,37.77808699,1893,味方出張所,味方1544番地,025-372-6805, ,避難所に指定しています。　・災害により住居を失った方を受入れ、保護するために市が指定した施設です。避難所開設は市の職員などが施設の安全を確認して行います。　・開設前に自主的に避難した場合は、市役所（電話228-1000）へご連絡をお願いします。,味方地区,屋内,南区,399,108,62340
139.0278394,37.76541707,1533,白根高等学校,上下諏訪木1214番地,025-372-2078, ,避難所に指定しています。　・災害により住居を失った方を受入れ、保護するために市が指定した施設です。避難所開設は市の職員などが施設の安全を確認して行います。　・開設前に自主的に避難した場合は、市役所（電話228-1000）へご連絡をお願いします。,南区,屋内,南区,9326923,855,61310
139.0847225,37.79326682,1555,小合中学校,小戸下組77番地,0250-22-0942,0250-22-6567,避難所に指定しています。　・災害により住居を失った方を受入れ、保護するために市が指定した施設です。避難所開設は市の職員などが施設の安全を確認して行います。　・開設前に自主的に避難した場合は、市役所（電話228-1000）へご連絡をお願いします。,新津地区,屋内,秋葉区,5549504,928,51250
139.0669012,37.76127248,1585,小須戸老人福祉センター,小須戸3870番地２,0250-38-3076,0250-38-3076,避難所に指定しています。　・災害により住居を失った方を受入れ、保護するために市が指定した施設です。避難所開設は市の職員などが施設の安全を確認して行います。　・開設前に自主的に避難した場合は、市役所（電話228-1000）へご連絡をお願いします。,小須戸地区,屋内,秋葉区,5549468,93,52020
139.0843014,37.75935243,1588,新保地域研修センター,新保1747番地,0250-38-4545, ,避難所に指定しています。　・災害により住居を失った方を受入れ、保護するために市が指定した施設です。避難所開設は市の職員などが施設の安全を確認して行います。　・開設前に自主的に避難した場合は、市役所（電話228-1000）へご連絡をお願いします。,小須戸地区,屋内,秋葉区,5549465,100,52210
139.0739827,37.75909804,1591,小須戸保育園,小須戸325番地１,0250-38-3077,0250-38-5291,避難所に指定しています。　・災害により住居を失った方を受入れ、保護するために市が指定した施設です。避難所開設は市の職員などが施設の安全を確認して行います。　・開設前に自主的に避難した場合は、市役所（電話228-1000）へご連絡をお願いします。,小須戸地区,屋内,秋葉区,5549462,243,51640
139.0501666,37.78541399,1701,臼井保育園,赤渋4540番地,025-373-5513,025-373-5513,避難所に指定しています。　・災害により住居を失った方を受入れ、保護するために市が指定した施設です。避難所開設は市の職員などが施設の安全を確認して行います。　・開設前に自主的に避難した場合は、市役所（電話228-1000）へご連絡をお願いします。,白根地区,屋内,南区,5549340,185,61490
139.0570411,37.78377018,1708,臼井地域生活センター,臼井1194番地,025-373-5018,025-373-5018,避難所に指定しています。　・災害により住居を失った方を受入れ、保護するために市が指定した施設です。避難所開設は市の職員などが施設の安全を確認して行います。　・開設前に自主的に避難した場合は、市役所（電話228-1000）へご連絡をお願いします。,白根地区,屋内,南区,5549331,99,61650
139.0935832,37.79453389,1721,小合東幼稚園,栗宮41番地１,0250-22-1107,0250-22-2108,避難所に指定しています。　・災害により住居を失った方を受入れ、保護するために市が指定した施設です。避難所開設は市の職員などが施設の安全を確認して行います。　・開設前に自主的に避難した場合は、市役所（電話228-1000）へご連絡をお願いします。,新津地区,屋内,秋葉区,5549314,157,51560
139.0843422,37.79171072,1726,小合地区コミュニティセンター,小戸下組22番地１,0250-25-2299,0250-25-2299,避難所に指定しています。　・災害により住居を失った方を受入れ、保護するために市が指定した施設です。避難所開設は市の職員などが施設の安全を確認して行います。　・開設前に自主的に避難した場合は、市役所（電話228-1000）へご連絡をお願いします。,新津地区,屋内,秋葉区,5549309,275,51420
139.0550733,37.78606351,1739,臼井中学校,臼井1425番地,025-373-5402,025-373-5469,避難所に指定しています。　・災害により住居を失った方を受入れ、保護するために市が指定した施設です。避難所開設は市の職員などが施設の安全を確認して行います。　・開設前に自主的に避難した場合は、市役所（電話228-1000）へご連絡をお願いします。,白根地区,屋内,南区,5549293,678,61220
139.0282578,37.76013876,1740,白根第一中学校,白根407番地,025-373-1811,025-373-1812,避難所に指定しています。　・災害により住居を失った方を受入れ、保護するために市が指定した施設です。避難所開設は市の職員などが施設の安全を確認して行います。　・開設前に自主的に避難した場合は、市役所（電話228-1000）へご連絡をお願いします。,白根地区,屋内,南区,5549292,2059,61210
139.0575931,37.77663221,1741,臼井小学校,臼井4483番地,025-373-5019,025-372-4039,避難所に指定しています。　・災害により住居を失った方を受入れ、保護するために市が指定した施設です。避難所開設は市の職員などが施設の安全を確認して行います。　・開設前に自主的に避難した場合は、市役所（電話228-1000）へご連絡をお願いします。,白根地区,屋内,南区,5549291,969,61090
139.093121,37.79368113,1753,小合東小学校,小戸上組234番地,0250-22-0948,0250-22-6516,避難所に指定しています。　・災害により住居を失った方を受入れ、保護するために市が指定した施設です。避難所開設は市の職員などが施設の安全を確認して行います。　・開設前に自主的に避難した場合は、市役所（電話228-1000）へご連絡をお願いします。,新津地区,屋内,秋葉区,5549277,746,51110
139.0721595,37.7859561,1754,小合小学校,出戸180番地,0250-22-3015,0250-22-6527,避難所に指定しています。　・災害により住居を失った方を受入れ、保護するために市が指定した施設です。避難所開設は市の職員などが施設の安全を確認して行います。　・開設前に自主的に避難した場合は、市役所（電話228-1000）へご連絡をお願いします。,新津地区,屋内,秋葉区,5549276,802,51100
139.1129243,37.76838002,1549,金津地区コミュニティセンター,古津597番地,0250-25-1101,0250-25-1101,避難所に指定しています。　・災害により住居を失った方を受入れ、保護するために市が指定した施設です。避難所開設は市の職員などが施設の安全を確認して行います。　・開設前に自主的に避難した場合は、市役所（電話228-1000）へご連絡をお願いします。,新津地区,屋内,秋葉区,5549510,242,51430
139.146938,37.76887424,1717,新津クリーンセンター,小口1289番地１,0250-22-0917,0250-23-4641,避難所に指定しています。　・災害により住居を失った方を受入れ、保護するために市が指定した施設です。避難所開設は市の職員などが施設の安全を確認して行います。　・開設前に自主的に避難した場合は、市役所（電話228-1000）へご連絡をお願いします。,新津地区,屋内,秋葉区,5549318,36,52110
139.127033,37.7963638,1718,新津図書館,日宝町６番２号,0250-22-0097,0250-21-1046,避難所に指定しています。　・災害により住居を失った方を受入れ、保護するために市が指定した施設です。避難所開設は市の職員などが施設の安全を確認して行います。　・開設前に自主的に避難した場合は、市役所（電話228-1000）へご連絡をお願いします。,新津地区,屋内,秋葉区,5549317,106,51910
139.1310759,37.78913949,1719,新津高等学校,秋葉１丁目19番１号,0250-22-1920,0250-24-6340,避難所に指定しています。　・災害により住居を失った方を受入れ、保護するために市が指定した施設です。避難所開設は市の職員などが施設の安全を確認して行います。　・開設前に自主的に避難した場合は、市役所（電話228-1000）へご連絡をお願いします。,新津地区,屋内,秋葉区,5549316,1157,51310
139.1124552,37.78865758,1720,秋葉区総合体育館,程島2009番地,0250-25-2400,0250-2524-01__,避難所に指定しています。　・災害により住居を失った方を受入れ、保護するために市が指定した施設です。避難所開設は市の職員などが施設の安全を確認して行います。　・開設前に自主的に避難した場合は、市役所（電話228-1000）へご連絡をお願いします。,新津地区,屋内,秋葉区,5549315,243,51710
139.1200155,37.76867838,1722,金津保育園,朝日483番地２,0250-22-0440,0250-22-0440,避難所に指定しています。　・災害により住居を失った方を受入れ、保護するために市が指定した施設です。避難所開設は市の職員などが施設の安全を確認して行います。　・開設前に自主的に避難した場合は、市役所（電話228-1000）へご連絡をお願いします。,新津地区,屋内,秋葉区,5549313,177,51630
139.1450472,37.79780921,1725,新金沢保育園,新金沢町12番11号,0250-22-6558,0250-22-6558,避難所に指定しています。　・災害により住居を失った方を受入れ、保護するために市が指定した施設です。避難所開設は市の職員などが施設の安全を確認して行います。　・開設前に自主的に避難した場合は、市役所（電話228-1000）へご連絡をお願いします。,新津地区,屋内,秋葉区,5549310,129,51620
139.1125878,37.78739571,1731,秋葉区新津健康センター,程島1979番地４,0250-22-2940,0250-21-1239,避難所に指定しています。　・災害により住居を失った方を受入れ、保護するために市が指定した施設です。避難所開設は市の職員などが施設の安全を確認して行います。　・開設前に自主的に避難した場合は、市役所（電話228-1000）へご連絡をお願いします。,新津地区,屋内,秋葉区,5549304,480,52010
139.1308312,37.79656139,1733,新津第二幼稚園,新町２丁目３番３号,0250-22-1270,0250-22-1923,避難所に指定しています。　・災害により住居を失った方を受入れ、保護するために市が指定した施設です。避難所開設は市の職員などが施設の安全を確認して行います。　・開設前に自主的に避難した場合は、市役所（電話228-1000）へご連絡をお願いします。,新津地区,屋内,秋葉区,5549302,271,51520
139.1254747,37.79371077,1734,新津第一幼稚園,新津本町４丁目４番３号,0250-22-1269,0250-22-1807,避難所に指定しています。　・災害により住居を失った方を受入れ、保護するために市が指定した施設です。避難所開設は市の職員などが施設の安全を確認して行います。　・開設前に自主的に避難した場合は、市役所（電話228-1000）へご連絡をお願いします。,新津地区,屋内,秋葉区,5549301,236,51510
139.1124581,37.78790277,1735,新津武道館,程島2009番地,0250-24-1633, ,避難所に指定しています。　・災害により住居を失った方を受入れ、保護するために市が指定した施設です。避難所開設は市の職員などが施設の安全を確認して行います。　・開設前に自主的に避難した場合は、市役所（電話228-1000）へご連絡をお願いします。,新津地区,屋内,秋葉区,5549299,392,51810
139.1286309,37.79760511,1736,新津東保育園,日宝町９番４号,0250-22-0882,0250-22-0882,避難所に指定しています。　・災害により住居を失った方を受入れ、保護するために市が指定した施設です。避難所開設は市の職員などが施設の安全を確認して行います。　・開設前に自主的に避難した場合は、市役所（電話228-1000）へご連絡をお願いします。,新津地区,屋内,秋葉区,5549297,130,51610
139.1194609,37.76746543,1749,金津中学校,割町10番地２,0250-22-0387,0250-22-6586,避難所に指定しています。　・災害により住居を失った方を受入れ、保護するために市が指定した施設です。避難所開設は市の職員などが施設の安全を確認して行います。　・開設前に自主的に避難した場合は、市役所（電話228-1000）へご連絡をお願いします。,新津地区,屋内,秋葉区,5549282,1234,51240
139.1434015,37.80015756,1750,新津第五中学校,新津東町２丁目７番29号,0250-22-0477,0250-22-6564,避難所に指定しています。　・災害により住居を失った方を受入れ、保護するために市が指定した施設です。避難所開設は市の職員などが施設の安全を確認して行います。　・開設前に自主的に避難した場合は、市役所（電話228-1000）へご連絡をお願いします。,新津地区,屋内,秋葉区,5549281,2139,51230
139.1203212,37.79118088,1752,新津第一中学校,新栄町４番１号,0250-22-3622,0250-22-6407,避難所に指定しています。　・災害により住居を失った方を受入れ、保護するために市が指定した施設です。避難所開設は市の職員などが施設の安全を確認して行います。　・開設前に自主的に避難した場合は、市役所（電話228-1000）へご連絡をお願いします。,新津地区,屋内,秋葉区,5549278,2538,51210
139.1179822,37.76839712,1755,金津小学校,古津88番地,0250-22-0219,0250-22-6528,避難所に指定しています。　・災害により住居を失った方を受入れ、保護するために市が指定した施設です。避難所開設は市の職員などが施設の安全を確認して行います。　・開設前に自主的に避難した場合は、市役所（電話228-1000）へご連絡をお願いします。,新津地区,屋内,秋葉区,5549275,1145,51090
139.1454276,37.80048617,1757,阿賀小学校,新津東町２丁目1325番地,0250-22-0726,0250-22-6530,避難所に指定しています。　・災害により住居を失った方を受入れ、保護するために市が指定した施設です。避難所開設は市の職員などが施設の安全を確認して行います。　・開設前に自主的に避難した場合は、市役所（電話228-1000）へご連絡をお願いします。,新津地区,屋内,秋葉区,5549273,1340,51070
139.1125307,37.80074408,1760,新津第三小学校,山谷町３丁目4785番地,0250-24-5525,0250-24-8720,避難所に指定しています。　・災害により住居を失った方を受入れ、保護するために市が指定した施設です。避難所開設は市の職員などが施設の安全を確認して行います。　・開設前に自主的に避難した場合は、市役所（電話228-1000）へご連絡をお願いします。,新津地区,屋内,秋葉区,5549269,1695,51030
139.1311418,37.79725118,1761,新津第二小学校,新町２丁目３番３号,0250-22-0161,0250-22-6506,避難所に指定しています。　・災害により住居を失った方を受入れ、保護するために市が指定した施設です。避難所開設は市の職員などが施設の安全を確認して行います。　・開設前に自主的に避難した場合は、市役所（電話228-1000）へご連絡をお願いします。,新津地区,屋内,秋葉区,5549268,1601,51020
139.1245434,37.79371355,1762,新津第一小学校,新津本町４丁目４番３号,0250-22-0069,0250-22-0983,避難所に指定しています。　・災害により住居を失った方を受入れ、保護するために市が指定した施設です。避難所開設は市の職員などが施設の安全を確認して行います。　・開設前に自主的に避難した場合は、市役所（電話228-1000）へご連絡をお願いします。,新津地区,屋内,秋葉区,5549267,2329,51010
139.1221097,37.79871746,1887,新津地域交流センター,新津本町１丁目２番39号, , ,避難所に指定しています。　・災害により住居を失った方を受入れ、保護するために市が指定した施設です。避難所開設は市の職員などが施設の安全を確認して行います。　・開設前に自主的に避難した場合は、市役所（電話228-1000）へご連絡をお願いします。,新津地区,屋内,秋葉区,392,424,51440
139.1722459,37.78675497,1534,新津金屋運動広場,金屋260番地１,0250-22-6780, ,避難所に指定しています。　・災害により住居を失った方を受入れ、保護するために市が指定した施設です。避難所開設は市の職員などが施設の安全を確認して行います。　・開設前に自主的に避難した場合は、市役所（電話228-1000）へご連絡をお願いします。,秋葉区,屋内,秋葉区,9326922,38,51820
139.17077,37.78048856,1758,新関小学校,下新766番地,0250-22-0995,0250-22-6529,避難所に指定しています。　・災害により住居を失った方を受入れ、保護するために市が指定した施設です。避難所開設は市の職員などが施設の安全を確認して行います。　・開設前に自主的に避難した場合は、市役所（電話228-1000）へご連絡をお願いします。,新津地区,屋内,秋葉区,5549272,991,51060
138.841192,37.8091942,1529,七浦保育園,越前浜6905-6,0256-77-2002,0256-77-2002,避難所に指定しています。　・災害により住居を失った方を受入れ、保護するために市が指定した施設です。避難所開設は市の職員などが施設の安全を確認して行います。　・開設前に自主的に避難した場合は、市役所（電話228-1000）へご連絡をお願いします。,巻地区,屋内,西蒲区,5549405,235,81570
138.8523395,37.80729568,1641,県立青少年研修センター,越前浜5597-2,0256-77-2111,0256-77-2114,避難所に指定しています。　・災害により住居を失った方を受入れ、保護するために市が指定した施設です。避難所開設は市の職員などが施設の安全を確認して行います。　・開設前に自主的に避難した場合は、市役所（電話228-1000）へご連絡をお願いします。,巻地区,屋内,西蒲区,5549404,525,82130
138.8431685,37.80535271,1649,越前小学校,越前浜4670,0256-77-2052,0256-77-2084,避難所に指定しています。　・災害により住居を失った方を受入れ、保護するために市が指定した施設です。避難所開設は市の職員などが施設の安全を確認して行います。　・開設前に自主的に避難した場合は、市役所（電話228-1000）へご連絡をお願いします。,巻地区,屋内,西蒲区,5549396,999,81140
138.8777882,37.82050297,1835,赤塚中学校,赤塚5590番地,025-239-2029,025-239-3313,避難所に指定しています。　・災害により住居を失った方を受入れ、保護するために市が指定した施設です。避難所開設は市の職員などが施設の安全を確認して行います。　・開設前に自主的に避難した場合は、市役所（電話228-1000）へご連絡をお願いします。,西地区,屋内,西区,5549189,1310,71230
138.8830842,37.81474884,1840,赤塚小学校,赤塚4478番地,025-239-2019,025-239-3803,避難所に指定しています。　・災害により住居を失った方を受入れ、保護するために市が指定した施設です。避難所開設は市の職員などが施設の安全を確認して行います。　・開設前に自主的に避難した場合は、市役所（電話228-1000）へご連絡をお願いします。,西地区,屋内,西区,5549184,1028,71050
138.8921645,37.83339322,1841,木山小学校,谷内1886番地,025-239-2044,025-239-3807,避難所に指定しています。　・災害により住居を失った方を受入れ、保護するために市が指定した施設です。避難所開設は市の職員などが施設の安全を確認して行います。　・開設前に自主的に避難した場合は、市役所（電話228-1000）へご連絡をお願いします。,西地区,屋内,西区,5549183,950,71040
138.9022055,37.8176252,1532,新潟国際情報大学,みずき野３丁目１番１号,025-239-3111,025-239-3690,避難所に指定しています。　・災害により住居を失った方を受入れ、保護するために市が指定した施設です。避難所開設は市の職員などが施設の安全を確認して行います。　・開設前に自主的に避難した場合は、市役所（電話228-1000）へご連絡をお願いします。,西区,屋内,西区,9326924,453,71420
138.9416379,37.81035132,1581,升潟小学校,升潟2179,0256-88-2581,0256-88-2499,避難所に指定しています。　・災害により住居を失った方を受入れ、保護するために市が指定した施設です。避難所開設は市の職員などが施設の安全を確認して行います。　・開設前に自主的に避難した場合は、市役所（電話228-1000）へご連絡をお願いします。,西川地区,屋内,西蒲区,5549472,916,81050
138.9339386,37.82558013,1834,中野小屋中学校,中野小屋932番地,025-262-4332,025-261-5146,避難所に指定しています。　・災害により住居を失った方を受入れ、保護するために市が指定した施設です。避難所開設は市の職員などが施設の安全を確認して行います。　・開設前に自主的に避難した場合は、市役所（電話228-1000）へご連絡をお願いします。,西地区,屋内,西区,5549190,1171,71240
138.946787,37.84225401,1838,笠木小学校,笠木1695番地,025-262-2265,025-262-2970,避難所に指定しています。　・災害により住居を失った方を受入れ、保護するために市が指定した施設です。避難所開設は市の職員などが施設の安全を確認して行います。　・開設前に自主的に避難した場合は、市役所（電話228-1000）へご連絡をお願いします。,西地区,屋内,西区,5549186,780,71070
138.9295967,37.82314603,1839,小瀬小学校,小瀬637番地,025-261-1401,025-262-3105,避難所に指定しています。　・災害により住居を失った方を受入れ、保護するために市が指定した施設です。避難所開設は市の職員などが施設の安全を確認して行います。　・開設前に自主的に避難した場合は、市役所（電話228-1000）へご連絡をお願いします。,西地区,屋内,西区,5549185,689,71060
138.9659897,37.81810214,1574,貝柄地区集会所,貝柄805-6,0256-88-6101, ,避難所に指定しています。　・災害により住居を失った方を受入れ、保護するために市が指定した施設です。避難所開設は市の職員などが施設の安全を確認して行います。　・開設前に自主的に避難した場合は、市役所（電話228-1000）へご連絡をお願いします。,西川地区,屋内,西蒲区,5549479,63,81810
139.0222923,37.83097496,1702,大通地域生活センター,大通南４丁目105番地,025-362-1491,025-362-1491,避難所に指定しています。　・災害により住居を失った方を受入れ、保護するために市が指定した施設です。避難所開設は市の職員などが施設の安全を確認して行います。　・開設前に自主的に避難した場合は、市役所（電話228-1000）へご連絡をお願いします。,白根地区,屋内,南区,5549339,247,61610
139.008664,37.80511866,1704,根岸地域生活センター,山崎興野290番地,025-362-6135,025-362-6135,避難所に指定しています。　・災害により住居を失った方を受入れ、保護するために市が指定した施設です。避難所開設は市の職員などが施設の安全を確認して行います。　・開設前に自主的に避難した場合は、市役所（電話228-1000）へご連絡をお願いします。,白根地区,屋内,南区,5549336,113,61640
139.0208659,37.83657031,1705,大通保育園,鷲ノ木新田5681番地,025-379-3182,025-379-3182,避難所に指定しています。　・災害により住居を失った方を受入れ、保護するために市が指定した施設です。避難所開設は市の職員などが施設の安全を確認して行います。　・開設前に自主的に避難した場合は、市役所（電話228-1000）へご連絡をお願いします。,白根地区,屋内,南区,5549335,169,61470
139.0050953,37.80946046,1742,根岸小学校,山崎興野2288番地,025-362-6250,025-362-1622,避難所に指定しています。　・災害により住居を失った方を受入れ、保護するために市が指定した施設です。避難所開設は市の職員などが施設の安全を確認して行います。　・開設前に自主的に避難した場合は、市役所（電話228-1000）へご連絡をお願いします。,白根地区,屋内,南区,5549290,1090,61080
139.020983,37.83319794,1743,大通小学校,大通南五丁目5426番地,025-362-5735,025-362-6440,避難所に指定しています。　・災害により住居を失った方を受入れ、保護するために市が指定した施設です。避難所開設は市の職員などが施設の安全を確認して行います。　・開設前に自主的に避難した場合は、市役所（電話228-1000）へご連絡をお願いします。,白根地区,屋内,南区,5549289,1303,61070
138.9978712,37.83911986,1763,新潟翠江高等学校,金巻1657番地,025-377-2175, ,避難所に指定しています。　・災害により住居を失った方を受入れ、保護するために市が指定した施設です。避難所開設は市の職員などが施設の安全を確認して行います。　・開設前に自主的に避難した場合は、市役所（電話228-1000）へご連絡をお願いします。,黒埼地区,屋内,西区,5549266,870,71330
138.9895365,37.82989701,1764,黒埼南小学校,木場911番地１,025-370-1170,025-377-1061,避難所に指定しています。　・災害により住居を失った方を受入れ、保護するために市が指定した施設です。避難所開設は市の職員などが施設の安全を確認して行います。　・開設前に自主的に避難した場合は、市役所（電話228-1000）へご連絡をお願いします。,黒埼地区,屋内,西区,5549265,1115,71150
139.0186709,37.84504495,1768,大野小学校,大野町3140番地乙,025-377-2046,025-377-0733,避難所に指定しています。　・災害により住居を失った方を受入れ、保護するために市が指定した施設です。避難所開設は市の職員などが施設の安全を確認して行います。　・開設前に自主的に避難した場合は、市役所（電話228-1000）へご連絡をお願いします。,黒埼地区,屋内,西区,5549261,1541,71160
139.0475686,37.81671542,1706,鷲巻地域生活センター,東笠巻新田278番地１,025-362-5711,025-362-5711,避難所に指定しています。　・災害により住居を失った方を受入れ、保護するために市が指定した施設です。避難所開設は市の職員などが施設の安全を確認して行います。　・開設前に自主的に避難した場合は、市役所（電話228-1000）へご連絡をお願いします。,白根地区,屋内,南区,5549333,103,61620
139.0592619,37.81683042,1707,大郷地域生活センター,犬帰新田751番地６,025-280-2043,025-280-2043,避難所に指定しています。　・災害により住居を失った方を受入れ、保護するために市が指定した施設です。避難所開設は市の職員などが施設の安全を確認して行います。　・開設前に自主的に避難した場合は、市役所（電話228-1000）へご連絡をお願いします。,白根地区,屋内,南区,5549332,115,61630
139.0771092,37.83360359,1728,市之瀬幼稚園,市之瀬349番地２,0250-23-0376,0250-23-0419,避難所に指定しています。　・災害により住居を失った方を受入れ、保護するために市が指定した施設です。避難所開設は市の職員などが施設の安全を確認して行います。　・開設前に自主的に避難した場合は、市役所（電話228-1000）へご連絡をお願いします。,新津地区,屋内,秋葉区,5549307,155,51550
139.02884,37.81710888,1738,白根北中学校,鷲ノ木新田4814番地,025-362-1150,025-362-5517,避難所に指定しています。　・災害により住居を失った方を受入れ、保護するために市が指定した施設です。避難所開設は市の職員などが施設の安全を確認して行います。　・開設前に自主的に避難した場合は、市役所（電話228-1000）へご連絡をお願いします。,白根地区,屋内,南区,5549294,1945,61230
139.0533104,37.81599821,1744,大鷲小学校,東笠巻1202番地,025-362-5431,025-362-5554,避難所に指定しています。　・災害により住居を失った方を受入れ、保護するために市が指定した施設です。避難所開設は市の職員などが施設の安全を確認して行います。　・開設前に自主的に避難した場合は、市役所（電話228-1000）へご連絡をお願いします。,白根地区,屋内,南区,5549288,1129,61060
139.0709435,37.83801519,1789,両川中学校,酒屋町702番地１,025-280-2020,025-280-3866,避難所に指定しています。　・災害により住居を失った方を受入れ、保護するために市が指定した施設です。避難所開設は市の職員などが施設の安全を確認して行います。　・開設前に自主的に避難した場合は、市役所（電話228-1000）へご連絡をお願いします。,南地区,屋内,江南区,5549239,1069,41230
139.0895299,37.83990337,1795,旧割野小学校,割野2866番地,025-280-2179,025-280-7161,避難所に指定しています。　・災害により住居を失った方を受入れ、保護するために市が指定した施設です。避難所開設は市の職員などが施設の安全を確認して行います。　・開設前に自主的に避難した場合は、市役所（電話228-1000）へご連絡をお願いします。,南地区,屋内,江南区,5549233,255,41050
139.0723712,37.83791239,1886,両川小学校,酒屋町６８７番地１,025-280-2046,025-280-6751,避難所に指定しています。　・災害により住居を失った方を受入れ、保護するために市が指定した施設です。避難所開設は市の職員などが施設の安全を確認して行います。　・開設前に自主的に避難した場合は、市役所（電話228-1000）へご連絡をお願いします。,南地区,屋内,江南区,389,937,41040
139.1000615,37.83398527,1889,荻川小学校,車場922番地１, , ,避難所に指定しています。　・災害により住居を失った方を受入れ、保護するために市が指定した施設です。避難所開設は市の職員などが施設の安全を確認して行います。　・開設前に自主的に避難した場合は、市役所（電話228-1000）へご連絡をお願いします。,秋葉,屋内,秋葉区,394,1667,51050
139.140912,37.80423048,1536,新津工業高等学校,新津東町１丁目12番９号,0250-22-3441,0250-22-8114,避難所に指定しています。　・災害により住居を失った方を受入れ、保護するために市が指定した施設です。避難所開設は市の職員などが施設の安全を確認して行います。　・開設前に自主的に避難した場合は、市役所（電話228-1000）へご連絡をお願いします。,秋葉区,屋内,秋葉区,9326920,927,51320
139.1217573,37.83568011,1660,横越双葉保育園,木津５丁目５番10号,025-385-3837, ,避難所に指定しています。　・災害により住居を失った方を受入れ、保護するために市が指定した施設です。避難所開設は市の職員などが施設の安全を確認して行います。　・開設前に自主的に避難した場合は、市役所（電話228-1000）へご連絡をお願いします。,横越地区,屋内,江南区,5549385,187,41520
139.1324564,37.83698018,1662,木津地域研修センター,木津２丁目３番28号,025-385-2915, ,避難所に指定しています。　・災害により住居を失った方を受入れ、保護するために市が指定した施設です。避難所開設は市の職員などが施設の安全を確認して行います。　・開設前に自主的に避難した場合は、市役所（電話228-1000）へご連絡をお願いします。,横越地区,屋内,江南区,5549383,78,42010
139.1535085,37.82908376,1665,横越農村環境改善センター,沢海３丁目１番30号,025-385-4035, ,避難所に指定しています。　・災害により住居を失った方を受入れ、保護するために市が指定した施設です。避難所開設は市の職員などが施設の安全を確認して行います。　・開設前に自主的に避難した場合は、市役所（電話228-1000）へご連絡をお願いします。,横越地区,屋内,江南区,5549380,414,41910
139.1434894,37.81722214,1723,新津Ｂ＆Ｇ海洋センター,七日町2186番地９,0250-23-4800,0250-23-4800,避難所に指定しています。　・災害により住居を失った方を受入れ、保護するために市が指定した施設です。避難所開設は市の職員などが施設の安全を確認して行います。　・開設前に自主的に避難した場合は、市役所（電話228-1000）へご連絡をお願いします。,新津地区,屋内,秋葉区,5549312,641,51850
139.1387029,37.80281046,1724,新津地区勤労青少年ホーム,新津東町１丁目５番12号,0250-24-5320,0250-24-5320,避難所に指定しています。　・災害により住居を失った方を受入れ、保護するために市が指定した施設です。避難所開設は市の職員などが施設の安全を確認して行います。　・開設前に自主的に避難した場合は、市役所（電話228-1000）へご連絡をお願いします。,新津地区,屋内,秋葉区,5549311,466,51930
139.1086881,37.83293842,1727,荻川コミュニティセンター,中野５丁目１番50号,0250-24-5776,0250-24-5776,避難所に指定しています。　・災害により住居を失った方を受入れ、保護するために市が指定した施設です。避難所開設は市の職員などが施設の安全を確認して行います。　・開設前に自主的に避難した場合は、市役所（電話228-1000）へご連絡をお願いします。,新津地区,屋内,秋葉区,5549308,765,51410
139.120509,37.82857818,1729,結幼稚園,結160番地３,0250-22-1338,0250-22-2095,避難所に指定しています。　・災害により住居を失った方を受入れ、保護するために市が指定した施設です。避難所開設は市の職員などが施設の安全を確認して行います。　・開設前に自主的に避難した場合は、市役所（電話228-1000）へご連絡をお願いします。,新津地区,屋内,秋葉区,5549306,278,51540
139.1422176,37.80195736,1730,新津地域学園,新津東町２丁目５番６号,0250-22-9666,0250-22-9616,避難所に指定しています。　・災害により住居を失った方を受入れ、保護するために市が指定した施設です。避難所開設は市の職員などが施設の安全を確認して行います。　・開設前に自主的に避難した場合は、市役所（電話228-1000）へご連絡をお願いします。,新津地区,屋内,秋葉区,5549305,757,51920
139.1126866,37.80135732,1732,新津第三幼稚園,山谷町３丁目4785番地,0250-24-5735,0250-24-5823,避難所に指定しています。　・災害により住居を失った方を受入れ、保護するために市が指定した施設です。避難所開設は市の職員などが施設の安全を確認して行います。　・開設前に自主的に避難した場合は、市役所（電話228-1000）へご連絡をお願いします。,新津地区,屋内,秋葉区,5549303,271,51530
139.1187196,37.83381538,1751,新津第二中学校,荻島１丁目15番17号,0250-22-0741,0250-22-6552,避難所に指定しています。　・災害により住居を失った方を受入れ、保護するために市が指定した施設です。避難所開設は市の職員などが施設の安全を確認して行います。　・開設前に自主的に避難した場合は、市役所（電話228-1000）へご連絡をお願いします。,新津地区,屋内,秋葉区,5549279,1779,51220
139.1492165,37.82423147,1756,満日小学校,七日町17番地乙,0250-22-1106,0250-22-6507,避難所に指定しています。　・災害により住居を失った方を受入れ、保護するために市が指定した施設です。避難所開設は市の職員などが施設の安全を確認して行います。　・開設前に自主的に避難した場合は、市役所（電話228-1000）へご連絡をお願いします。,新津地区,屋内,秋葉区,5549274,807,51080
139.1215145,37.8281629,1759,結小学校,結132番地,0250-22-0742,0250-22-6512,避難所に指定しています。　・災害により住居を失った方を受入れ、保護するために市が指定した施設です。避難所開設は市の職員などが施設の安全を確認して行います。　・開設前に自主的に避難した場合は、市役所（電話228-1000）へご連絡をお願いします。,新津地区,屋内,秋葉区,5549270,1737,51040
138.9397035,37.86825599,1832,新潟大学,五十嵐２の町8050番地,025-262-6023, ,避難所に指定しています。　・災害により住居を失った方を受入れ、保護するために市が指定した施設です。避難所開設は市の職員などが施設の安全を確認して行います。　・開設前に自主的に避難した場合は、市役所（電話228-1000）へご連絡をお願いします。,西地区,屋内,西区,5549192,2683,71410
138.9200174,37.84736536,1833,新潟西高等学校,内野関場4699番地,025-262-1561, ,避難所に指定しています。　・災害により住居を失った方を受入れ、保護するために市が指定した施設です。避難所開設は市の職員などが施設の安全を確認して行います。　・開設前に自主的に避難した場合は、市役所（電話228-1000）へご連絡をお願いします。,西地区,屋内,西区,5549191,1011,71310
138.9308541,37.85577135,1836,内野中学校,内野西１丁目10番１号,025-262-3161,025-262-3162,避難所に指定しています。　・災害により住居を失った方を受入れ、保護するために市が指定した施設です。避難所開設は市の職員などが施設の安全を確認して行います。　・開設前に自主的に避難した場合は、市役所（電話228-1000）へご連絡をお願いします。,西地区,屋内,西区,5549188,2085,71220
138.9119098,37.85033895,1837,西内野小学校,内野上新町308番地１,025-261-0480,025-261-0780,避難所に指定しています。　・災害により住居を失った方を受入れ、保護するために市が指定した施設です。避難所開設は市の職員などが施設の安全を確認して行います。　・開設前に自主的に避難した場合は、市役所（電話228-1000）へご連絡をお願いします。,西地区,屋内,西区,5549187,1532,71130
138.9349114,37.85912739,1842,内野小学校,内野山手２丁目18番36号,025-262-3121,025-262-3122,避難所に指定しています。　・災害により住居を失った方を受入れ、保護するために市が指定した施設です。避難所開設は市の職員などが施設の安全を確認して行います。　・開設前に自主的に避難した場合は、市役所（電話228-1000）へご連絡をお願いします。,西地区,屋内,西区,5549182,1867,71030
138.9127339,37.84995664,1843,西コミュニティセンター,内野上新町11810番地,025-262-0377, ,避難所に指定しています。　・災害により住居を失った方を受入れ、保護するために市が指定した施設です。避難所開設は市の職員などが施設の安全を確認して行います。　・開設前に自主的に避難した場合は、市役所（電話228-1000）へご連絡をお願いします。,西地区,屋内,西区,5549181,423,71520
138.9610263,37.87902907,1852,五十嵐小学校,寺尾西４丁目23番１号,025-269-3117,025-269-3118,避難所に指定しています。　・災害により住居を失った方を受入れ、保護するために市が指定した施設です。避難所開設は市の職員などが施設の安全を確認して行います。　・開設前に自主的に避難した場合は、市役所（電話228-1000）へご連絡をお願いします。,坂井輪地区,屋内,西区,5549172,1691,71100
138.9489789,37.85832223,1892,日本文理高等学校,新通1072番地,025-260-1000, ,避難所に指定しています。　・災害により住居を失った方を受入れ、保護するために市が指定した施設です。避難所開設は市の職員などが施設の安全を確認して行います。　・開設前に自主的に避難した場合は、市役所（電話228-1000）へご連絡をお願いします。,西区,屋内,西区,398,995,71430
139.0126162,37.8468957,1765,黒埼中学校,大野町2540番地１,025-377-2049,025-377-0802,避難所に指定しています。　・災害により住居を失った方を受入れ、保護するために市が指定した施設です。避難所開設は市の職員などが施設の安全を確認して行います。　・開設前に自主的に避難した場合は、市役所（電話228-1000）へご連絡をお願いします。,黒埼地区,屋内,西区,5549264,2463,71280
139.0031233,37.87287186,1766,立仏小学校,立仏950番地,025-377-5521,025-377-0711,避難所に指定しています。　・災害により住居を失った方を受入れ、保護するために市が指定した施設です。避難所開設は市の職員などが施設の安全を確認して行います。　・開設前に自主的に避難した場合は、市役所（電話228-1000）へご連絡をお願いします。,黒埼地区,屋内,西区,5549263,1432,71180
139.0124033,37.86934621,1767,山田小学校,山田2781番地２,025-377-2114,025-377-0707,避難所に指定しています。　・災害により住居を失った方を受入れ、保護するために市が指定した施設です。避難所開設は市の職員などが施設の安全を確認して行います。　・開設前に自主的に避難した場合は、市役所（電話228-1000）へご連絡をお願いします。,黒埼地区,屋内,西区,5549262,1251,71170
139.0186787,37.88347741,1798,鳥屋野小学校,美咲町２丁目４番地７,025-284-7253,025-284-7256,避難所に指定しています。　・災害により住居を失った方を受入れ、保護するために市が指定した施設です。避難所開設は市の職員などが施設の安全を確認して行います。　・開設前に自主的に避難した場合は、市役所（電話228-1000）へご連絡をお願いします。,南地区,屋内,中央区,5549229,2051,31140
138.9954469,37.8765408,1844,新潟工業高等学校,小新西１丁目５番１号,025-266-1101, ,避難所に指定しています。　・災害により住居を失った方を受入れ、保護するために市が指定した施設です。避難所開設は市の職員などが施設の安全を確認して行います。　・開設前に自主的に避難した場合は、市役所（電話228-1000）へご連絡をお願いします。,坂井輪地区,屋内,西区,5549180,989,71320
138.9932137,37.87278594,1845,小新中学校,小新西３丁目18番１号,025-233-1825,025-233-1826,避難所に指定しています。　・災害により住居を失った方を受入れ、保護するために市が指定した施設です。避難所開設は市の職員などが施設の安全を確認して行います。　・開設前に自主的に避難した場合は、市役所（電話228-1000）へご連絡をお願いします。,坂井輪地区,屋内,西区,5549179,1923,71270
138.9655291,37.88535343,1846,五十嵐中学校,上新栄町５丁目３番１号,025-260-1490,025-260-1491,避難所に指定しています。　・災害により住居を失った方を受入れ、保護するために市が指定した施設です。避難所開設は市の職員などが施設の安全を確認して行います。　・開設前に自主的に避難した場合は、市役所（電話228-1000）へご連絡をお願いします。,坂井輪地区,屋内,西区,5549178,2213,71260
139.001996,37.88806452,1847,小針中学校,小針１丁目37番１号,025-267-1851,025-267-1852,避難所に指定しています。　・災害により住居を失った方を受入れ、保護するために市が指定した施設です。避難所開設は市の職員などが施設の安全を確認して行います。　・開設前に自主的に避難した場合は、市役所（電話228-1000）へご連絡をお願いします。,坂井輪地区,屋内,西区,5549177,2074,71250
138.9695849,37.87490041,1848,坂井輪中学校,寺尾上３丁目１番36号,025-269-2009,025-269-3109,避難所に指定しています。　・災害により住居を失った方を受入れ、保護するために市が指定した施設です。避難所開設は市の職員などが施設の安全を確認して行います。　・開設前に自主的に避難した場合は、市役所（電話228-1000）へご連絡をお願いします。,坂井輪地区,屋内,西区,5549176,2322,71210
138.9709924,37.86802578,1850,坂井東小学校,坂井東５丁目17番１号,025-260-2117,025-260-2118,避難所に指定しています。　・災害により住居を失った方を受入れ、保護するために市が指定した施設です。避難所開設は市の職員などが施設の安全を確認して行います。　・開設前に自主的に避難した場合は、市役所（電話228-1000）へご連絡をお願いします。,坂井輪地区,屋内,西区,5549174,1374,71120
138.9866535,37.88064328,1851,坂井輪小学校,坂井東１丁目２番１号,025-231-3201,025-231-1766,避難所に指定しています。　・災害により住居を失った方を受入れ、保護するために市が指定した施設です。避難所開設は市の職員などが施設の安全を確認して行います。　・開設前に自主的に避難した場合は、市役所（電話228-1000）へご連絡をお願いします。,坂井輪地区,屋内,西区,5549173,2016,71110
138.9642805,37.87039413,1855,新通小学校,坂井東６丁目18番１号,025-269-2004,025-269-2810,避難所に指定しています。　・災害により住居を失った方を受入れ、保護するために市が指定した施設です。避難所開設は市の職員などが施設の安全を確認して行います。　・開設前に自主的に避難した場合は、市役所（電話228-1000）へご連絡をお願いします。,坂井輪地区,屋内,西区,5549169,2075,71020
138.9960796,37.88874699,1856,小針小学校,小針２丁目36番１号,025-265-3231,025-265-3232,避難所に指定しています。　・災害により住居を失った方を受入れ、保護するために市が指定した施設です。避難所開設は市の職員などが施設の安全を確認して行います。　・開設前に自主的に避難した場合は、市役所（電話228-1000）へご連絡をお願いします。,坂井輪地区,屋内,西区,5549168,1909,71010
138.9674938,37.88101845,1857,五十嵐コミュニティハウス,上新栄町４丁目５番68号,025-260-3890, ,避難所に指定しています。　・災害により住居を失った方を受入れ、保護するために市が指定した施設です。避難所開設は市の職員などが施設の安全を確認して行います。　・開設前に自主的に避難した場合は、市役所（電話228-1000）へご連絡をお願いします。,坂井輪地区,屋内,西区,5549167,103,71620
138.9854412,37.88667816,1859,坂井輪コミュニティセンター,小針西１丁目12番地12,025-232-0125, ,避難所に指定しています。　・災害により住居を失った方を受入れ、保護するために市が指定した施設です。避難所開設は市の職員などが施設の安全を確認して行います。　・開設前に自主的に避難した場合は、市役所（電話228-1000）へご連絡をお願いします。,坂井輪地区,屋内,西区,5549165,208,71510
139.0107772,37.85643815,1882,黒埼市民会館,鳥原909番地１,025-377-1420, ,避難所に指定しています。　・災害により住居を失った方を受入れ、保護するために市が指定した施設です。避難所開設は市の職員などが施設の安全を確認して行います。　・開設前に自主的に避難した場合は、市役所（電話228-1000）へご連絡をお願いします。,西区,屋内,西区,9326925,789,71710
139.0504725,37.87982597,1528,食育・花育センター,清五郎401番地,025-282-4181, ,避難所に指定しています。　・災害により住居を失った方を受入れ、保護するために市が指定した施設です。避難所開設は市の職員などが施設の安全を確認して行います。　・開設前に自主的に避難した場合は、市役所（電話228-1000）へご連絡をお願いします。,中央区,屋内,中央区,396,495,32420
139.0693938,37.88496373,1538,山潟会館,長潟827番地,025-286-0155, ,避難所に指定しています。　・災害により住居を失った方を受入れ、保護するために市が指定した施設です。避難所開設は市の職員などが施設の安全を確認して行います。　・開設前に自主的に避難した場合は、市役所（電話228-1000）へご連絡をお願いします。,中央区,屋内,中央区,9326917,263,32210
139.0871164,37.86181407,1554,早通小学校,早通５丁目７番２号,025-381-2234,025-381-2180,避難所に指定しています。　・災害により住居を失った方を受入れ、保護するために市が指定した施設です。避難所開設は市の職員などが施設の安全を確認して行います。　・開設前に自主的に避難した場合は、市役所（電話228-1000）へご連絡をお願いします。,亀田地区,屋内,江南区,5549505,1077,41110
139.0937634,37.86920656,1612,亀田西中学校,早苗３丁目１番８号,025-382-7446,025-382-7445,避難所に指定しています。　・災害により住居を失った方を受入れ、保護するために市が指定した施設です。避難所開設は市の職員などが施設の安全を確認して行います。　・開設前に自主的に避難した場合は、市役所（電話228-1000）へご連絡をお願いします。,亀田地区,屋内,江南区,5549439,1969,41260
139.0854322,37.88857431,1771,山潟中学校,山二ツ１番地１,025-286-5369,025-286-5389,避難所に指定しています。　・災害により住居を失った方を受入れ、保護するために市が指定した施設です。避難所開設は市の職員などが施設の安全を確認して行います。　・開設前に自主的に避難した場合は、市役所（電話228-1000）へご連絡をお願いします。,石山地区,屋内,中央区,5549258,1872,31390
139.0716324,37.88897939,1781,山潟小学校,弁天橋通３丁目３番１号,025-286-6796,025-286-4489,避難所に指定しています。　・災害により住居を失った方を受入れ、保護するために市が指定した施設です。避難所開設は市の職員などが施設の安全を確認して行います。　・開設前に自主的に避難した場合は、市役所（電話228-1000）へご連絡をお願いします。,石山地区,屋内,中央区,5549247,1475,31120
139.0429219,37.8877716,1784,新潟江南高等学校,女池南３丁目６番１号,025-283-0326, ,避難所に指定しています。　・災害により住居を失った方を受入れ、保護するために市が指定した施設です。避難所開設は市の職員などが施設の安全を確認して行います。　・開設前に自主的に避難した場合は、市役所（電話228-1000）へご連絡をお願いします。,南地区,屋内,中央区,5549244,843,31570
139.0428405,37.85589474,1790,曽野木中学校,曽川甲387番地１,025-280-6414,025-280-6004,避難所に指定しています。　・災害により住居を失った方を受入れ、保護するために市が指定した施設です。避難所開設は市の職員などが施設の安全を確認して行います。　・開設前に自主的に避難した場合は、市役所（電話228-1000）へご連絡をお願いします。,南地区,屋内,江南区,5549238,1964,41220
139.0485231,37.86859591,1793,東曽野木小学校,鐘木214番地１,025-284-5998,025-284-9974,避難所に指定しています。　・災害により住居を失った方を受入れ、保護するために市が指定した施設です。避難所開設は市の職員などが施設の安全を確認して行います。　・開設前に自主的に避難した場合は、市役所（電話228-1000）へご連絡をお願いします。,南地区,屋内,江南区,5549235,1250,41060
139.0326085,37.85751845,1796,曽野木小学校,天野２丁目７番１号,025-280-6003,025-280-6600,避難所に指定しています。　・災害により住居を失った方を受入れ、保護するために市が指定した施設です。避難所開設は市の職員などが施設の安全を確認して行います。　・開設前に自主的に避難した場合は、市役所（電話228-1000）へご連絡をお願いします。,南地区,屋内,江南区,5549231,1513,41030
139.1086433,37.88129804,1537,新潟向陽高等学校,亀田向陽４丁目３－１,025-382-3221, ,避難所に指定しています。　・災害により住居を失った方を受入れ、保護するために市が指定した施設です。避難所開設は市の職員などが施設の安全を確認して行います。　・開設前に自主的に避難した場合は、市役所（電話228-1000）へご連絡をお願いします。,江南区,屋内,江南区,9326919,892,41310
139.0974796,37.85601374,1605,亀田総合体育館,茅野山３丁目１番13号,025-381-1222,025-381-7077,避難所に指定しています。　・災害により住居を失った方を受入れ、保護するために市が指定した施設です。避難所開設は市の職員などが施設の安全を確認して行います。　・開設前に自主的に避難した場合は、市役所（電話228-1000）へご連絡をお願いします。,亀田地区,屋内,江南区,5549446,1280,41730
139.1040522,37.86735605,1606,亀田市民会館,船戸山５丁目７番２号,025-382-3780, ,避難所に指定しています。　・災害により住居を失った方を受入れ、保護するために市が指定した施設です。避難所開設は市の職員などが施設の安全を確認して行います。　・開設前に自主的に避難した場合は、市役所（電話228-1000）へご連絡をお願いします。,亀田地区,屋内,江南区,5549445,667,41610
139.1033121,37.88349083,1607,亀田第五保育園,亀田中島２丁目４番14号,025-382-5440, ,避難所に指定しています。　・災害により住居を失った方を受入れ、保護するために市が指定した施設です。避難所開設は市の職員などが施設の安全を確認して行います。　・開設前に自主的に避難した場合は、市役所（電話228-1000）へご連絡をお願いします。,亀田地区,屋内,江南区,5549444,172,41580
139.1049484,37.87338968,1608,亀田第四保育園,西町４丁目６番24号,025-381-2296, ,避難所に指定しています。　・災害により住居を失った方を受入れ、保護するために市が指定した施設です。避難所開設は市の職員などが施設の安全を確認して行います。　・開設前に自主的に避難した場合は、市役所（電話228-1000）へご連絡をお願いします。,亀田地区,屋内,江南区,5549443,316,41570
139.1152742,37.867514,1609,亀田第三保育園,亀田東町３丁目５番15号,025-382-4870, ,避難所に指定しています。　・災害により住居を失った方を受入れ、保護するために市が指定した施設です。避難所開設は市の職員などが施設の安全を確認して行います。　・開設前に自主的に避難した場合は、市役所（電話228-1000）へご連絡をお願いします。,亀田地区,屋内,江南区,5549442,200,41560
139.1116514,37.87394305,1610,亀田第二保育園,諏訪１丁目６番10号,025-381-2095, ,避難所に指定しています。　・災害により住居を失った方を受入れ、保護するために市が指定した施設です。避難所開設は市の職員などが施設の安全を確認して行います。　・開設前に自主的に避難した場合は、市役所（電話228-1000）へご連絡をお願いします。,亀田地区,屋内,江南区,5549441,193,41550
139.1102889,37.86696149,1611,亀田第一保育園,亀田新明町２丁目６番１号,025-381-2627, ,避難所に指定しています。　・災害により住居を失った方を受入れ、保護するために市が指定した施設です。避難所開設は市の職員などが施設の安全を確認して行います。　・開設前に自主的に避難した場合は、市役所（電話228-1000）へご連絡をお願いします。,亀田地区,屋内,江南区,5549440,158,41540
139.1112641,37.86292956,1613,亀田中学校,城山１丁目３番５号,025-382-3191,025-382-4230,避難所に指定しています。　・災害により住居を失った方を受入れ、保護するために市が指定した施設です。避難所開設は市の職員などが施設の安全を確認して行います。　・開設前に自主的に避難した場合は、市役所（電話228-1000）へご連絡をお願いします。,亀田地区,屋内,江南区,5549438,2225,41250
139.1108743,37.86847903,1614,亀田小学校,亀田新明町１丁目１番46号,025-381-6124,025-381-6125,避難所に指定しています。　・災害により住居を失った方を受入れ、保護するために市が指定した施設です。避難所開設は市の職員などが施設の安全を確認して行います。　・開設前に自主的に避難した場合は、市役所（電話228-1000）へご連絡をお願いします。,亀田地区,屋内,江南区,5549437,1732,41080
139.1185375,37.8690583,1615,亀田東小学校,亀田水道町３丁目２番45号,025-381-4196,025-381-4197,避難所に指定しています。　・災害により住居を失った方を受入れ、保護するために市が指定した施設です。避難所開設は市の職員などが施設の安全を確認して行います。　・開設前に自主的に避難した場合は、市役所（電話228-1000）へご連絡をお願いします。,亀田地区,屋内,江南区,5549436,1695,41090
139.0996301,37.87040142,1616,亀田西小学校,亀田四ツ興野４丁目１番１号,025-382-3041,025-382-3042,避難所に指定しています。　・災害により住居を失った方を受入れ、保護するために市が指定した施設です。避難所開設は市の職員などが施設の安全を確認して行います。　・開設前に自主的に避難した場合は、市役所（電話228-1000）へご連絡をお願いします。,亀田地区,屋内,江南区,5549435,1836,41100
139.1613861,37.87518248,1659,横越小杉保育園,小杉３丁目14番16号,025-385-3303, ,避難所に指定しています。　・災害により住居を失った方を受入れ、保護するために市が指定した施設です。避難所開設は市の職員などが施設の安全を確認して行います。　・開設前に自主的に避難した場合は、市役所（電話228-1000）へご連絡をお願いします。,横越地区,屋内,江南区,5549386,134,41530
139.1491369,37.85488621,1661,横越中央保育園,横越中央３丁目２番８号,025-385-3302, ,避難所に指定しています。　・災害により住居を失った方を受入れ、保護するために市が指定した施設です。避難所開設は市の職員などが施設の安全を確認して行います。　・開設前に自主的に避難した場合は、市役所（電話228-1000）へご連絡をお願いします。,横越地区,屋内,江南区,5549384,319,41510
139.136561,37.85280699,1663,横越地区勤労者総合福祉センター,横越川根町２丁目20番１号,025-385-5211,025-385-5212,避難所に指定しています。　・災害により住居を失った方を受入れ、保護するために市が指定した施設です。避難所開設は市の職員などが施設の安全を確認して行います。　・開設前に自主的に避難した場合は、市役所（電話228-1000）へご連絡をお願いします。,横越地区,屋内,江南区,5549382,314,41810
139.1622048,37.87381084,1664,小杉地区コミュニティセンター,小杉３丁目11番26号,025-385-2213, ,避難所に指定しています。　・災害により住居を失った方を受入れ、保護するために市が指定した施設です。避難所開設は市の職員などが施設の安全を確認して行います。　・開設前に自主的に避難した場合は、市役所（電話228-1000）へご連絡をお願いします。,横越地区,屋内,江南区,5549381,214,41410
139.1144229,37.84686904,1666,横越体育センター・二本木地区コミュニティセンター,二本木３丁目２番50号,025-381-6871, ,避難所に指定しています。　・災害により住居を失った方を受入れ、保護するために市が指定した施設です。避難所開設は市の職員などが施設の安全を確認して行います。　・開設前に自主的に避難した場合は、市役所（電話228-1000）へご連絡をお願いします。,横越地区,屋内,江南区,5549379,447,41720
139.1443186,37.85829405,1667,横越総合体育館,いぶき野１丁目１番１号,025-385-4477,025-385-3300,避難所に指定しています。　・災害により住居を失った方を受入れ、保護するために市が指定した施設です。避難所開設は市の職員などが施設の安全を確認して行います。　・開設前に自主的に避難した場合は、市役所（電話228-1000）へご連絡をお願いします。,横越地区,屋内,江南区,5549377,1021,41710
139.150999,37.85472311,1668,横越中学校,横越中央３丁目４番１号,025-385-2013,025-385-3718,避難所に指定しています。　・災害により住居を失った方を受入れ、保護するために市が指定した施設です。避難所開設は市の職員などが施設の安全を確認して行います。　・開設前に自主的に避難した場合は、市役所（電話228-1000）へご連絡をお願いします。,横越地区,屋内,江南区,5549376,2116,41240
139.148233,37.85251301,1669,横越小学校,横越中央６丁目３番１号,025-385-3551,025-385-4867,避難所に指定しています。　・災害により住居を失った方を受入れ、保護するために市が指定した施設です。避難所開設は市の職員などが施設の安全を確認して行います。　・開設前に自主的に避難した場合は、市役所（電話228-1000）へご連絡をお願いします。,横越地区,屋内,江南区,5549375,1613,41070
139.1397911,37.8854104,1772,大江山中学校,西山491番地,025-276-2632,025-276-2952,避難所に指定しています。　・災害により住居を失った方を受入れ、保護するために市が指定した施設です。避難所開設は市の職員などが施設の安全を確認して行います。　・開設前に自主的に避難した場合は、市役所（電話228-1000）へご連絡をお願いします。,石山地区,屋内,江南区,5549256,1543,41210
139.1300384,37.87919431,1779,丸山小学校,丸山300番地,025-276-2601,025-276-2762,避難所に指定しています。　・災害により住居を失った方を受入れ、保護するために市が指定した施設です。避難所開設は市の職員などが施設の安全を確認して行います。　・開設前に自主的に避難した場合は、市役所（電話228-1000）へご連絡をお願いします。,石山地区,屋内,江南区,5549249,1198,41010
139.2134033,37.88588599,1545,長浦コミュニティセンター,長場1834－１,025-387-2061, ,避難所に指定しています。　・災害により住居を失った方を受入れ、保護するために市が指定した施設です。避難所開設は市の職員などが施設の安全を確認して行います。　・開設前に自主的に避難した場合は、市役所（電話228-1000）へご連絡をお願いします。,北区,屋内,北区,9326910,175,11450
139.1786739,37.88415144,1546,岡方コミュニティセンター,長戸呂4601,025-387-3351, ,避難所に指定しています。　・災害により住居を失った方を受入れ、保護するために市が指定した施設です。避難所開設は市の職員などが施設の安全を確認して行います。　・開設前に自主的に避難した場合は、市役所（電話228-1000）へご連絡をお願いします。,北区,屋内,北区,9326909,125,11440
139.1858111,37.87725726,1676,越岡保育園,十二321,025-387-5600,025-387-5600,避難所に指定しています。　・災害により住居を失った方を受入れ、保護するために市が指定した施設です。避難所開設は市の職員などが施設の安全を確認して行います。　・開設前に自主的に避難した場合は、市役所（電話228-1000）へご連絡をお願いします。,豊栄地区,屋内,北区,5549368,239,11530
139.1677611,37.88699034,1687,岡方中学校,太子堂104,025-387-3338,025-387-3232,避難所に指定しています。　・災害により住居を失った方を受入れ、保護するために市が指定した施設です。避難所開設は市の職員などが施設の安全を確認して行います。　・開設前に自主的に避難した場合は、市役所（電話228-1000）へご連絡をお願いします。,豊栄地区,屋内,北区,5549357,1030,11270
139.2136435,37.87876314,1691,豊栄南小学校,長場2621,025-387-2274,025-384-7228,避難所に指定しています。　・災害により住居を失った方を受入れ、保護するために市が指定した施設です。避難所開設は市の職員などが施設の安全を確認して行います。　・開設前に自主的に避難した場合は、市役所（電話228-1000）へご連絡をお願いします。,豊栄地区,屋内,北区,5549353,847,11130
139.1860143,37.87688116,1693,岡方第一小学校,長戸呂985,025-387-3335,025-384-7216,避難所に指定しています。　・災害により住居を失った方を受入れ、保護するために市が指定した施設です。避難所開設は市の職員などが施設の安全を確認して行います。　・開設前に自主的に避難した場合は、市役所（電話228-1000）へご連絡をお願いします。,豊栄地区,屋内,北区,5549351,972,11110
139.0230112,37.89436752,1782,上山コミュニティハウス,網川原２丁目１-15,025-283-7460, ,避難所に指定しています。　・災害により住居を失った方を受入れ、保護するために市が指定した施設です。避難所開設は市の職員などが施設の安全を確認して行います。　・開設前に自主的に避難した場合は、市役所（電話228-1000）へご連絡をお願いします。,南地区,屋内,中央区,5549246,115,31840
139.0286177,37.89512151,1788,上山中学校,女池上山５-１-13,025-284-6166,025-284-6167,避難所に指定しています。　・災害により住居を失った方を受入れ、保護するために市が指定した施設です。避難所開設は市の職員などが施設の安全を確認して行います。　・開設前に自主的に避難した場合は、市役所（電話228-1000）へご連絡をお願いします。,南地区,屋内,中央区,5549240,1984,31380
139.0080155,37.89601035,1849,東青山小学校,青山261番地１,025-231-9611,025-231-9623,避難所に指定しています。　・災害により住居を失った方を受入れ、保護するために市が指定した施設です。避難所開設は市の職員などが施設の安全を確認して行います。　・開設前に自主的に避難した場合は、市役所（電話228-1000）へご連絡をお願いします。,坂井輪地区,屋内,西区,5549175,1616,71140
138.9807971,37.89203644,1853,真砂小学校,真砂３丁目24番１号,025-267-1850,025-267-5212,避難所に指定しています。　・災害により住居を失った方を受入れ、保護するために市が指定した施設です。避難所開設は市の職員などが施設の安全を確認して行います。　・開設前に自主的に避難した場合は、市役所（電話228-1000）へご連絡をお願いします。,坂井輪地区,屋内,西区,5549171,1548,71090
138.9895337,37.89735227,1854,青山小学校,西有明町４番１号,025-267-0433,025-267-0434,避難所に指定しています。　・災害により住居を失った方を受入れ、保護するために市が指定した施設です。避難所開設は市の職員などが施設の安全を確認して行います。　・開設前に自主的に避難した場合は、市役所（電話228-1000）へご連絡をお願いします。,坂井輪地区,屋内,西区,5549170,1409,71080
138.9974364,37.90063969,1858,青山コミュニティハウス,青山６丁目16番地20,025-233-2990, ,避難所に指定しています。　・災害により住居を失った方を受入れ、保護するために市が指定した施設です。避難所開設は市の職員などが施設の安全を確認して行います。　・開設前に自主的に避難した場合は、市役所（電話228-1000）へご連絡をお願いします。,坂井輪地区,屋内,西区,5549166,97,71610
139.0280098,37.91505292,1860,新潟商業高等学校,白山浦２丁目68番２号,025-266-0101, ,避難所に指定しています。　・災害により住居を失った方を受入れ、保護するために市が指定した施設です。避難所開設は市の職員などが施設の安全を確認して行います。　・開設前に自主的に避難した場合は、市役所（電話228-1000）へご連絡をお願いします。,本庁,屋内,中央区,5549163,931,31580
139.0234655,37.91509295,1861,新潟高等学校,関屋下川原町２丁目635番地,025-266-2131, ,避難所に指定しています。　・災害により住居を失った方を受入れ、保護するために市が指定した施設です。避難所開設は市の職員などが施設の安全を確認して行います。　・開設前に自主的に避難した場合は、市役所（電話228-1000）へご連絡をお願いします。,本庁,屋内,中央区,5549162,1161,31540
139.0092233,37.91071546,1869,関屋中学校,浜浦町２丁目１番地,025-266-4131,025-266-4132,避難所に指定しています。　・災害により住居を失った方を受入れ、保護するために市が指定した施設です。避難所開設は市の職員などが施設の安全を確認して行います。　・開設前に自主的に避難した場合は、市役所（電話228-1000）へご連絡をお願いします。,本庁,屋内,中央区,5549153,2108,31310
139.0112303,37.90204854,1870,有明台小学校,有明台４番１号,025-266-7176,025-266-7177,避難所に指定しています。　・災害により住居を失った方を受入れ、保護するために市が指定した施設です。避難所開設は市の職員などが施設の安全を確認して行います。　・開設前に自主的に避難した場合は、市役所（電話228-1000）へご連絡をお願いします。,本庁,屋内,中央区,5549152,1569,31170
139.0251498,37.91598476,1875,関屋小学校,関屋下川原２丁目664番地,025-266-2166,025-266-2167,避難所に指定しています。　・災害により住居を失った方を受入れ、保護するために市が指定した施設です。避難所開設は市の職員などが施設の安全を確認して行います。　・開設前に自主的に避難した場合は、市役所（電話228-1000）へご連絡をお願いします。,本庁,屋内,中央区,5549147,1123,31020
139.0132909,37.91231981,1876,浜浦小学校,浜浦町１丁目１番地,025-266-3181,025-266-3182,避難所に指定しています。　・災害により住居を失った方を受入れ、保護するために市が指定した施設です。避難所開設は市の職員などが施設の安全を確認して行います。　・開設前に自主的に避難した場合は、市役所（電話228-1000）へご連絡をお願いします。,本庁,屋内,中央区,5549146,1551,31010
139.0224459,37.91092412,1880,関屋コミュニティハウス,関屋田町４丁目566-１,025-266-1348, ,避難所に指定しています。　・災害により住居を失った方を受入れ、保護するために市が指定した施設です。避難所開設は市の職員などが施設の安全を確認して行います。　・開設前に自主的に避難した場合は、市役所（電話228-1000）へご連絡をお願いします。,本庁,屋内,中央区,5549142,98,31820
139.042463,37.92661046,1530,新潟市教育相談センター,中央区西大畑町458番地1,025-222-8600,025-222-8303,避難所に指定しています。　・災害により住居を失った方を受入れ、保護するために市が指定した施設です。避難所開設は市の職員などが施設の安全を確認して行います。　・開設前に自主的に避難した場合は、市役所（電話228-1000）へご連絡をお願いします。, ,屋内,中央区,403,972,403
139.0604389,37.92009933,1531,宮浦中学校,万代５丁目６番１号,025-247-5341,025-247-5342,避難所に指定しています。　・災害により住居を失った方を受入れ、保護するために市が指定した施設です。避難所開設は市の職員などが施設の安全を確認して行います。　・開設前に自主的に避難した場合は、市役所（電話228-1000）へご連絡をお願いします。,東地区,屋内,中央区,5549212,2148,31370
139.0505072,37.92238552,1539,クロスパルにいがた,礎町通３ノ町2086番地,025-224-2088, ,避難所に指定しています。　・災害により住居を失った方を受入れ、保護するために市が指定した施設です。避難所開設は市の職員などが施設の安全を確認して行います。　・開設前に自主的に避難した場合は、市役所（電話228-1000）へご連絡をお願いします。,中央区,屋内,中央区,9326916,1241,32410
139.053638,37.9131951,1540,総合福祉会館,八千代１－３－１,025-248-7161, ,避難所に指定しています。　・災害により住居を失った方を受入れ、保護するために市が指定した施設です。避難所開設は市の職員などが施設の安全を確認して行います。　・開設前に自主的に避難した場合は、市役所（電話228-1000）へご連絡をお願いします。,中央区,屋内,中央区,9326915,1134,32110
139.0421634,37.91505813,1541,白山コミュニティハウス,本町通１番町168－２,025-222-8867, ,避難所に指定しています。　・災害により住居を失った方を受入れ、保護するために市が指定した施設です。避難所開設は市の職員などが施設の安全を確認して行います。　・開設前に自主的に避難した場合は、市役所（電話228-1000）へご連絡をお願いします。,中央区,屋内,中央区,9326914,100,32310
139.0558374,37.90453374,1542,北越高等学校,米山５丁目１２－１,025-245-5681,025-247-5680,避難所に指定しています。　・災害により住居を失った方を受入れ、保護するために市が指定した施設です。避難所開設は市の職員などが施設の安全を確認して行います。　・開設前に自主的に避難した場合は、市役所（電話228-1000）へご連絡をお願いします。,中央区,屋内,中央区,9326913,1173,31590
139.0744572,37.89696403,1770,高志中等教育学校,高志１丁目15番１号,025-286-6911,025-286-6979,避難所に指定しています。　・災害により住居を失った方を受入れ、保護するために市が指定した施設です。避難所開設は市の職員などが施設の安全を確認して行います。　・開設前に自主的に避難した場合は、市役所（電話228-1000）へご連絡をお願いします。,石山地区,屋内,中央区,5549259,2675,31530
139.0890343,37.89855744,1773,石山中学校,東明６丁目２番地,025-286-3279,025-286-5379,避難所に指定しています。　・災害により住居を失った方を受入れ、保護するために市が指定した施設です。避難所開設は市の職員などが施設の安全を確認して行います。　・開設前に自主的に避難した場合は、市役所（電話228-1000）へご連絡をお願いします。,石山地区,屋内,東区,5549255,2218,21340
139.0823881,37.90417902,1774,江南小学校,江南５丁目１番１号,025-286-2895,025-286-2896,避難所に指定しています。　・災害により住居を失った方を受入れ、保護するために市が指定した施設です。避難所開設は市の職員などが施設の安全を確認して行います。　・開設前に自主的に避難した場合は、市役所（電話228-1000）へご連絡をお願いします。,石山地区,屋内,東区,5549254,1591,21120
139.0797005,37.89249601,1775,桜が丘小学校,姥ヶ山６丁目１番21号,025-286-2955,025-286-2956,避難所に指定しています。　・災害により住居を失った方を受入れ、保護するために市が指定した施設です。避難所開設は市の職員などが施設の安全を確認して行います。　・開設前に自主的に避難した場合は、市役所（電話228-1000）へご連絡をお願いします。,石山地区,屋内,中央区,5549253,1763,31200
139.0603052,37.90485152,1783,駅南コミュニティセンター,米山４丁目12-20,025-246-6647, ,避難所に指定しています。　・災害により住居を失った方を受入れ、保護するために市が指定した施設です。避難所開設は市の職員などが施設の安全を確認して行います。　・開設前に自主的に避難した場合は、市役所（電話228-1000）へご連絡をお願いします。,南地区,屋内,中央区,5549245,516,31720
139.0435967,37.90861389,1785,新潟南高等学校,上所１丁目３番１号,025-247-3331, ,避難所に指定しています。　・災害により住居を失った方を受入れ、保護するために市が指定した施設です。避難所開設は市の職員などが施設の安全を確認して行います。　・開設前に自主的に避難した場合は、市役所（電話228-1000）へご連絡をお願いします。,南地区,屋内,中央区,5549243,912,31560
139.0501712,37.91316468,1786,南万代小学校,幸西４丁目１番１号,025-244-1458,025-245-3665,避難所に指定しています。　・災害により住居を失った方を受入れ、保護するために市が指定した施設です。避難所開設は市の職員などが施設の安全を確認して行います。　・開設前に自主的に避難した場合は、市役所（電話228-1000）へご連絡をお願いします。,南地区,屋内,中央区,5549242,1494,31180
139.0686052,37.91160966,1787,笹口小学校,笹口２番47号,025-247-6218,025-247-6219,避難所に指定しています。　・災害により住居を失った方を受入れ、保護するために市が指定した施設です。避難所開設は市の職員などが施設の安全を確認して行います。　・開設前に自主的に避難した場合は、市役所（電話228-1000）へご連絡をお願いします。,南地区,屋内,中央区,5549241,1635,31150
139.0389046,37.89725138,1791,鳥屋野中学校,女池４丁目31番地１,025-285-7201,025-285-7202,避難所に指定しています。　・災害により住居を失った方を受入れ、保護するために市が指定した施設です。避難所開設は市の職員などが施設の安全を確認して行います。　・開設前に自主的に避難した場合は、市役所（電話228-1000）へご連絡をお願いします。,南地区,屋内,中央区,5549237,2145,31320
139.0597553,37.89857535,1792,紫竹山小学校,紫竹山１丁目12番１号,025-246-9225,025-246-9226,避難所に指定しています。　・災害により住居を失った方を受入れ、保護するために市が指定した施設です。避難所開設は市の職員などが施設の安全を確認して行います。　・開設前に自主的に避難した場合は、市役所（電話228-1000）へご連絡をお願いします。,南地区,屋内,中央区,5549236,1731,31210
139.0312345,37.89541923,1794,上山小学校,女池上山１-１-28,025-284-5767,025-284-5768,避難所に指定しています。　・災害により住居を失った方を受入れ、保護するために市が指定した施設です。避難所開設は市の職員などが施設の安全を確認して行います。　・開設前に自主的に避難した場合は、市役所（電話228-1000）へご連絡をお願いします。,南地区,屋内,中央区,5549234,1550,31190
139.0437199,37.89266797,1797,女池小学校,女池６丁目４番１号,025-285-6795,025-285-5520,避難所に指定しています。　・災害により住居を失った方を受入れ、保護するために市が指定した施設です。避難所開設は市の職員などが施設の安全を確認して行います。　・開設前に自主的に避難した場合は、市役所（電話228-1000）へご連絡をお願いします。,南地区,屋内,中央区,5549230,1651,31160
139.0443194,37.90271578,1799,上所小学校,近江３丁目２番１号,025-283-7258,025-283-7259,避難所に指定しています。　・災害により住居を失った方を受入れ、保護するために市が指定した施設です。避難所開設は市の職員などが施設の安全を確認して行います。　・開設前に自主的に避難した場合は、市役所（電話228-1000）へご連絡をお願いします。,南地区,屋内,中央区,5549228,1750,31130
139.0690466,37.92717699,1810,明鏡高等学校,沼垂東６丁目11番１号,025-246-3535,025-246-3660,避難所に指定しています。　・災害により住居を失った方を受入れ、保護するために市が指定した施設です。避難所開設は市の職員などが施設の安全を確認して行います。　・開設前に自主的に避難した場合は、市役所（電話228-1000）へご連絡をお願いします。,東地区,屋内,中央区,5549216,2560,31520
139.0693287,37.92631227,1811,万代高等学校,沼垂東６丁目８番１号,025-241-0193,025-247-0197,避難所に指定しています。　・災害により住居を失った方を受入れ、保護するために市が指定した施設です。避難所開設は市の職員などが施設の安全を確認して行います。　・開設前に自主的に避難した場合は、市役所（電話228-1000）へご連絡をお願いします。,東地区,屋内,中央区,5549215,2807,31510
139.073733,37.91621963,1812,沼垂小学校,鏡が岡５番５号,025-247-5326,025-247-5327,避難所に指定しています。　・災害により住居を失った方を受入れ、保護するために市が指定した施設です。避難所開設は市の職員などが施設の安全を確認して行います。　・開設前に自主的に避難した場合は、市役所（電話228-1000）へご連絡をお願いします。,東地区,屋内,中央区,5549214,1837,31110
139.064561,37.91706472,1813,万代長嶺小学校,東万代町４番１号,025-245-4488,025-245-4489,避難所に指定しています。　・災害により住居を失った方を受入れ、保護するために市が指定した施設です。避難所開設は市の職員などが施設の安全を確認して行います。　・開設前に自主的に避難した場合は、市役所（電話228-1000）へご連絡をお願いします。,東地区,屋内,中央区,5549213,1369,31100
139.0782071,37.91974253,1816,東新潟中学校,山木戸１丁目２番１号,025-273-8341,025-273-8342,避難所に指定しています。　・災害により住居を失った方を受入れ、保護するために市が指定した施設です。避難所開設は市の職員などが施設の安全を確認して行います。　・開設前に自主的に避難した場合は、市役所（電話228-1000）へご連絡をお願いします。,東地区,屋内,東区,5549209,2342,21310
139.0894139,37.91117202,1817,竹尾小学校,竹尾２丁目18番１号,025-271-2628,025-271-2629,避難所に指定しています。　・災害により住居を失った方を受入れ、保護するために市が指定した施設です。避難所開設は市の職員などが施設の安全を確認して行います。　・開設前に自主的に避難した場合は、市役所（電話228-1000）へご連絡をお願いします。,東地区,屋内,東区,5549208,1232,21100
139.0863839,37.91599797,1819,木戸小学校,中山４丁目１番１号,025-274-2367,025-274-2368,避難所に指定しています。　・災害により住居を失った方を受入れ、保護するために市が指定した施設です。避難所開設は市の職員などが施設の安全を確認して行います。　・開設前に自主的に避難した場合は、市役所（電話228-1000）へご連絡をお願いします。,東地区,屋内,東区,5549206,1586,21040
139.062032,37.91660298,1822,万代市民会館,東万代町９-１,025-246-7714, ,避難所に指定しています。　・災害により住居を失った方を受入れ、保護するために市が指定した施設です。避難所開設は市の職員などが施設の安全を確認して行います。　・開設前に自主的に避難した場合は、市役所（電話228-1000）へご連絡をお願いします。,東地区,屋内,中央区,5549203,888,31910
139.0874826,37.91531511,1823,木戸コミュニティセンター,中山４丁目２番６号,025-271-7442, ,避難所に指定しています。　・災害により住居を失った方を受入れ、保護するために市が指定した施設です。避難所開設は市の職員などが施設の安全を確認して行います。　・開設前に自主的に避難した場合は、市役所（電話228-1000）へご連絡をお願いします。,東地区,屋内,東区,5549202,174,21510
139.090775,37.93431599,1829,東山の下小学校,藤見町１丁目23番57号,025-273-2356,025-273-2357,避難所に指定しています。　・災害により住居を失った方を受入れ、保護するために市が指定した施設です。避難所開設は市の職員などが施設の安全を確認して行います。　・開設前に自主的に避難した場合は、市役所（電話228-1000）へご連絡をお願いします。,中地区,屋内,東区,5549195,2286,21050
139.0309153,37.91825362,1862,新潟中央高等学校,学校町通２番町5317番地１,025-229-2191, ,避難所に指定しています。　・災害により住居を失った方を受入れ、保護するために市が指定した施設です。避難所開設は市の職員などが施設の安全を確認して行います。　・開設前に自主的に避難した場合は、市役所（電話228-1000）へご連絡をお願いします。,本庁,屋内,中央区,5549161,1040,31550
139.0454625,37.93098258,1863,湊小学校,古町通13番町2900番地２,025-228-2278,025-228-2279,避難所に指定しています。　・災害により住居を失った方を受入れ、保護するために市が指定した施設です。避難所開設は市の職員などが施設の安全を確認して行います。　・開設前に自主的に避難した場合は、市役所（電話228-1000）へご連絡をお願いします。,本庁,屋内,中央区,5549160,1038,31070
139.0529743,37.92720883,1864,豊照小学校,見方町2518番地,025-222-8188,025-223-5734,避難所に指定しています。　・災害により住居を失った方を受入れ、保護するために市が指定した施設です。避難所開設は市の職員などが施設の安全を確認して行います。　・開設前に自主的に避難した場合は、市役所（電話228-1000）へご連絡をお願いします。,本庁,屋内,中央区,5549159,1059,31060
139.0423481,37.91427924,1865,白山小学校,川端町１丁目１番地,025-222-5111,025-222-5112,避難所に指定しています。　・災害により住居を失った方を受入れ、保護するために市が指定した施設です。避難所開設は市の職員などが施設の安全を確認して行います。　・開設前に自主的に避難した場合は、市役所（電話228-1000）へご連絡をお願いします。,本庁,屋内,中央区,5549158,1424,31040
139.0503559,37.93603984,1866,新潟柳都中学校,栄町３丁目4213番地,025-228-6547,025-228-0985,避難所に指定しています。　・災害により住居を失った方を受入れ、保護するために市が指定した施設です。避難所開設は市の職員などが施設の安全を確認して行います。　・開設前に自主的に避難した場合は、市役所（電話228-1000）へご連絡をお願いします。,本庁,屋内,中央区,5549157,1754,31360
139.0379754,37.92300301,1867,寄居中学校,営所通２番町592番地12,025-228-4923,025-228-0194,避難所に指定しています。　・災害により住居を失った方を受入れ、保護するために市が指定した施設です。避難所開設は市の職員などが施設の安全を確認して行います。　・開設前に自主的に避難した場合は、市役所（電話228-1000）へご連絡をお願いします。,本庁,屋内,中央区,5549155,1740,31340
139.0328636,37.91070604,1868,白新中学校,川岸町２丁目４番地,025-266-2136,025-266-2137,避難所に指定しています。　・災害により住居を失った方を受入れ、保護するために市が指定した施設です。避難所開設は市の職員などが施設の安全を確認して行います。　・開設前に自主的に避難した場合は、市役所（電話228-1000）へご連絡をお願いします。,本庁,屋内,中央区,5549154,2287,31330
139.0552079,37.9331773,1871,入舟小学校,稲荷町3511番地,025-229-3682,025-229-3683,避難所に指定しています。　・災害により住居を失った方を受入れ、保護するために市が指定した施設です。避難所開設は市の職員などが施設の安全を確認して行います。　・開設前に自主的に避難した場合は、市役所（電話228-1000）へご連絡をお願いします。,本庁,屋内,中央区,5549151,1386,31090
139.0490121,37.93532584,1872,栄小学校,栄町３丁目5930番地２,025-223-6558,025-223-6559,避難所に指定しています。　・災害により住居を失った方を受入れ、保護するために市が指定した施設です。避難所開設は市の職員などが施設の安全を確認して行います。　・開設前に自主的に避難した場合は、市役所（電話228-1000）へご連絡をお願いします。,本庁,屋内,中央区,5549150,1071,31080
139.0399546,37.92390731,1873,新潟小学校,東大畑通１番町679番地,025-228-3059,025-228-0189,避難所に指定しています。　・災害により住居を失った方を受入れ、保護するために市が指定した施設です。避難所開設は市の職員などが施設の安全を確認して行います。　・開設前に自主的に避難した場合は、市役所（電話228-1000）へご連絡をお願いします。,本庁,屋内,中央区,5549149,1858,31050
139.0316312,37.9151424,1874,鏡淵小学校,白山浦1丁目207番地３,025-265-4111,025-265-4112,避難所に指定しています。　・災害により住居を失った方を受入れ、保護するために市が指定した施設です。避難所開設は市の職員などが施設の安全を確認して行います。　・開設前に自主的に避難した場合は、市役所（電話228-1000）へご連絡をお願いします。,本庁,屋内,中央区,5549148,1074,31030
139.0441882,37.93170741,1877,二葉コミュニティハウス,古町通13番町5148-２,025-210-9275, ,避難所に指定しています。　・災害により住居を失った方を受入れ、保護するために市が指定した施設です。避難所開設は市の職員などが施設の安全を確認して行います。　・開設前に自主的に避難した場合は、市役所（電話228-1000）へご連絡をお願いします。,本庁,屋内,中央区,5549145,125,31850
139.0374178,37.9253183,1878,寄居コミュニティハウス,西大畑町617,025-228-8944, ,避難所に指定しています。　・災害により住居を失った方を受入れ、保護するために市が指定した施設です。避難所開設は市の職員などが施設の安全を確認して行います。　・開設前に自主的に避難した場合は、市役所（電話228-1000）へご連絡をお願いします。,本庁,屋内,中央区,5549144,166,31830
139.029727,37.91458685,1879,白新コミュニティハウス,白山浦２丁目180-３,025-232-6411, ,避難所に指定しています。　・災害により住居を失った方を受入れ、保護するために市が指定した施設です。避難所開設は市の職員などが施設の安全を確認して行います。　・開設前に自主的に避難した場合は、市役所（電話228-1000）へご連絡をお願いします。,本庁,屋内,中央区,5549143,145,31810
139.0550278,37.93465465,1881,北部総合コミュニティセンター,附船町１丁目4385-１,025-223-0791, ,避難所に指定しています。　・災害により住居を失った方を受入れ、保護するために市が指定した施設です。避難所開設は市の職員などが施設の安全を確認して行います。　・開設前に自主的に避難した場合は、市役所（電話228-1000）へご連絡をお願いします。,本庁,屋内,中央区,5549141,1541,31710
139.1151934,37.90118301,1544,東石山中学校,西野1197番地,025-277-3181,025-277-3182,避難所に指定しています。　・災害により住居を失った方を受入れ、保護するために市が指定した施設です。避難所開設は市の職員などが施設の安全を確認して行います。　・開設前に自主的に避難した場合は、市役所（電話228-1000）へご連絡をお願いします。,東区,屋内,東区,9326911,2011,21370
139.1103584,37.90507536,1769,シルバーピア石山,石山団地10番13号,025-277-6093, ,避難所に指定しています。　・災害により住居を失った方を受入れ、保護するために市が指定した施設です。避難所開設は市の職員などが施設の安全を確認して行います。　・開設前に自主的に避難した場合は、市役所（電話228-1000）へご連絡をお願いします。,石山地区,屋内,東区,5549260,292,21710
139.105878,37.8959935,1776,南中野山小学校,中野山863番地１,025-276-1753,025-276-1699,避難所に指定しています。　・災害により住居を失った方を受入れ、保護するために市が指定した施設です。避難所開設は市の職員などが施設の安全を確認して行います。　・開設前に自主的に避難した場合は、市役所（電話228-1000）へご連絡をお願いします。,石山地区,屋内,東区,5549252,1644,21110
139.1194058,37.90484916,1777,東中野山小学校,猿ヶ馬場９番地,025-276-4121,025-276-4122,避難所に指定しています。　・災害により住居を失った方を受入れ、保護するために市が指定した施設です。避難所開設は市の職員などが施設の安全を確認して行います。　・開設前に自主的に避難した場合は、市役所（電話228-1000）へご連絡をお願いします。,石山地区,屋内,東区,5549251,1609,21090
139.1401709,37.89981793,1778,大淵小学校,大淵1760番地１,025-276-2631,025-276-8399,避難所に指定しています。　・災害により住居を失った方を受入れ、保護するために市が指定した施設です。避難所開設は市の職員などが施設の安全を確認して行います。　・開設前に自主的に避難した場合は、市役所（電話228-1000）へご連絡をお願いします。,石山地区,屋内,江南区,5549250,978,41020
139.1008667,37.90307294,1780,中野山小学校,中野山１丁目１番１号,025-276-0464,025-276-4429,避難所に指定しています。　・災害により住居を失った方を受入れ、保護するために市が指定した施設です。避難所開設は市の職員などが施設の安全を確認して行います。　・開設前に自主的に避難した場合は、市役所（電話228-1000）へご連絡をお願いします。,石山地区,屋内,東区,5549248,1732,21030
139.1592669,37.93050842,1805,濁川小学校,濁川284番地,025-259-2136,025-259-2956,避難所に指定しています。　・災害により住居を失った方を受入れ、保護するために市が指定した施設です。避難所開設は市の職員などが施設の安全を確認して行います。　・開設前に自主的に避難した場合は、市役所（電話228-1000）へご連絡をお願いします。,北地区,屋内,北区,5549222,1371,11040
139.1319693,37.91853742,1809,新潟北高等学校,本所847番地１,025-271-1281, ,避難所に指定しています。　・災害により住居を失った方を受入れ、保護するために市が指定した施設です。避難所開設は市の職員などが施設の安全を確認して行います。　・開設前に自主的に避難した場合は、市役所（電話228-1000）へご連絡をお願いします。,東地区,屋内,東区,5549218,912,21420
139.1022088,37.91993724,1814,木戸中学校,上木戸５丁目１番１号,025-274-2615,025-274-2616,避難所に指定しています。　・災害により住居を失った方を受入れ、保護するために市が指定した施設です。避難所開設は市の職員などが施設の安全を確認して行います。　・開設前に自主的に避難した場合は、市役所（電話228-1000）へご連絡をお願いします。,東地区,屋内,東区,5549211,2177,21360
139.1274414,37.93216035,1815,大形中学校,海老ヶ瀬122番地１,025-273-0369,025-274-8296,避難所に指定しています。　・災害により住居を失った方を受入れ、保護するために市が指定した施設です。避難所開設は市の職員などが施設の安全を確認して行います。　・開設前に自主的に避難した場合は、市役所（電話228-1000）へご連絡をお願いします。,東地区,屋内,東区,5549210,1695,21330
139.0989743,37.91879603,1818,牡丹山小学校,牡丹山６丁目15番地１号,025-273-4258,025-273-4259,避難所に指定しています。　・災害により住居を失った方を受入れ、保護するために市が指定した施設です。避難所開設は市の職員などが施設の安全を確認して行います。　・開設前に自主的に避難した場合は、市役所（電話228-1000）へご連絡をお願いします。,東地区,屋内,東区,5549207,1807,21080
139.1197386,37.92485689,1820,大形小学校,大形本町２丁目６番１号,025-273-5755,025-273-5751,避難所に指定しています。　・災害により住居を失った方を受入れ、保護するために市が指定した施設です。避難所開設は市の職員などが施設の安全を確認して行います。　・開設前に自主的に避難した場合は、市役所（電話228-1000）へご連絡をお願いします。,東地区,屋内,東区,5549205,2058,21020
139.1007965,37.91537467,1821,はなみずきコミュニティハウス,はなみずき１丁目15番12号,025-270-2837, ,避難所に指定しています。　・災害により住居を失った方を受入れ、保護するために市が指定した施設です。避難所開設は市の職員などが施設の安全を確認して行います。　・開設前に自主的に避難した場合は、市役所（電話228-1000）へご連絡をお願いします。,東地区,屋内,東区,5549204,94,21610
139.1228722,37.91118333,1883,東石山コミュニティハウス,岡山149番地6, , ,避難所に指定しています。　・災害により住居を失った方を受入れ、保護するために市が指定した施設です。避難所開設は市の職員などが施設の安全を確認して行います。　・開設前に自主的に避難した場合は、市役所（電話228-1000）へご連絡をお願いします。, ,屋内,東区,2162,114,21620
139.1796444,37.92050384,1552,早通南保育園,早通南１－９－７,025-387-4589, ,避難所に指定しています。　・災害により住居を失った方を受入れ、保護するために市が指定した施設です。避難所開設は市の職員などが施設の安全を確認して行います。　・開設前に自主的に避難した場合は、市役所（電話228-1000）へご連絡をお願いします。,豊栄地区,屋内,北区,5549507,323,11520
139.2163285,37.92314617,1670,県立若草寮,石動１－１－１,025-387-2728,025-386-9695,避難所に指定しています。　・災害により住居を失った方を受入れ、保護するために市が指定した施設です。避難所開設は市の職員などが施設の安全を確認して行います。　・開設前に自主的に避難した場合は、市役所（電話228-1000）へご連絡をお願いします。,豊栄地区,屋内,北区,5549374,268,12110
139.2187975,37.91257231,1672,かやま保育園,嘉山１－２－41,025-387-5201,025-387-5994,避難所に指定しています。　・災害により住居を失った方を受入れ、保護するために市が指定した施設です。避難所開設は市の職員などが施設の安全を確認して行います。　・開設前に自主的に避難した場合は、市役所（電話228-1000）へご連絡をお願いします。,豊栄地区,屋内,北区,5549372,276,11570
139.2148313,37.92176312,1674,すみれ保育園,石動１－10－１,025-387-3149,025-387-3149,避難所に指定しています。　・災害により住居を失った方を受入れ、保護するために市が指定した施設です。避難所開設は市の職員などが施設の安全を確認して行います。　・開設前に自主的に避難した場合は、市役所（電話228-1000）へご連絡をお願いします。,豊栄地区,屋内,北区,5549370,265,11550
139.1659713,37.90527237,1675,三ツ森保育園,森下1409,025-386-0580,025-386-0580,避難所に指定しています。　・災害により住居を失った方を受入れ、保護するために市が指定した施設です。避難所開設は市の職員などが施設の安全を確認して行います。　・開設前に自主的に避難した場合は、市役所（電話228-1000）へご連絡をお願いします。,豊栄地区,屋内,北区,5549369,187,11540
139.1764101,37.92031876,1677,早通コミュニティセンター,早通37－１,025-386-3339,025-386-7493,避難所に指定しています。　・災害により住居を失った方を受入れ、保護するために市が指定した施設です。避難所開設は市の職員などが施設の安全を確認して行います。　・開設前に自主的に避難した場合は、市役所（電話228-1000）へご連絡をお願いします。,豊栄地区,屋内,北区,5549367,300,11420
139.1765401,37.92006807,1678,早通児童センター,早通37－1,025-386-3412,025-386-3412,避難所に指定しています。　・災害により住居を失った方を受入れ、保護するために市が指定した施設です。避難所開設は市の職員などが施設の安全を確認して行います。　・開設前に自主的に避難した場合は、市役所（電話228-1000）へご連絡をお願いします。,豊栄地区,屋内,北区,5549366,123,11610
139.1838831,37.92097061,1679,早通北保育園,早通北３－７－30,025-387-2208,025-387-2208,避難所に指定しています。　・災害により住居を失った方を受入れ、保護するために市が指定した施設です。避難所開設は市の職員などが施設の安全を確認して行います。　・開設前に自主的に避難した場合は、市役所（電話228-1000）へご連絡をお願いします。,豊栄地区,屋内,北区,5549365,353,11510
139.2162157,37.90793322,1680,豊栄武道館,川西３－5202－３, , ,避難所に指定しています。　・災害により住居を失った方を受入れ、保護するために市が指定した施設です。避難所開設は市の職員などが施設の安全を確認して行います。　・開設前に自主的に避難した場合は、市役所（電話228-1000）へご連絡をお願いします。,豊栄地区,屋内,北区,5549364,134,11820
139.2083897,37.91153482,1681,豊栄高等学校,上土地亀大曲761,025-387-2761,025-388-5650,避難所に指定しています。　・災害により住居を失った方を受入れ、保護するために市が指定した施設です。避難所開設は市の職員などが施設の安全を確認して行います。　・開設前に自主的に避難した場合は、市役所（電話228-1000）へご連絡をお願いします。,豊栄地区,屋内,北区,5549363,1392,11310
139.2209017,37.91383861,1682,葛塚コミュニティセンター,東栄町１－１－18,025-387-5965, ,避難所に指定しています。　・災害により住居を失った方を受入れ、保護するために市が指定した施設です。避難所開設は市の職員などが施設の安全を確認して行います。　・開設前に自主的に避難した場合は、市役所（電話228-1000）へご連絡をお願いします。,豊栄地区,屋内,北区,5549362,182,11920
139.22128,37.91401902,1683,豊栄さわやか老人福祉センター,東栄町１－１－35,025-386-2778,025-388-2914,避難所に指定しています。　・災害により住居を失った方を受入れ、保護するために市が指定した施設です。避難所開設は市の職員などが施設の安全を確認して行います。　・開設前に自主的に避難した場合は、市役所（電話228-1000）へご連絡をお願いします。,豊栄地区,屋内,北区,5549361,598,11910
139.2210678,37.91332662,1684,豊栄地区公民館,東栄町１－１－15,025-386-2014,025-386-1063,避難所に指定しています。　・災害により住居を失った方を受入れ、保護するために市が指定した施設です。避難所開設は市の職員などが施設の安全を確認して行います。　・開設前に自主的に避難した場合は、市役所（電話228-1000）へご連絡をお願いします。,豊栄地区,屋内,北区,5549360,513,11710
139.2243416,37.90564654,1685,豊栄総合体育館,嘉山488－３,025-386-7511,025-386-8787,避難所に指定しています。　・災害により住居を失った方を受入れ、保護するために市が指定した施設です。避難所開設は市の職員などが施設の安全を確認して行います。　・開設前に自主的に避難した場合は、市役所（電話228-1000）へご連絡をお願いします。,豊栄地区,屋内,北区,5549359,1455,11810
139.2184005,37.90438801,1686,光晴中学校,上土地亀4981,025-387-2412,025-387-2571,避難所に指定しています。　・災害により住居を失った方を受入れ、保護するために市が指定した施設です。避難所開設は市の職員などが施設の安全を確認して行います。　・開設前に自主的に避難した場合は、市役所（電話228-1000）へご連絡をお願いします。,豊栄地区,屋内,北区,5549358,1891,11280
139.1883177,37.92198327,1688,早通中学校,早通396,025-386-7333,025-386-7338,避難所に指定しています。　・災害により住居を失った方を受入れ、保護するために市が指定した施設です。避難所開設は市の職員などが施設の安全を確認して行います。　・開設前に自主的に避難した場合は、市役所（電話228-1000）へご連絡をお願いします。,豊栄地区,屋内,北区,5549356,2065,11260
139.2293308,37.9223773,1690,葛塚中学校,太田乙433,025-387-2430,025-387-2033,避難所に指定しています。　・災害により住居を失った方を受入れ、保護するために市が指定した施設です。避難所開設は市の職員などが施設の安全を確認して行います。　・開設前に自主的に避難した場合は、市役所（電話228-1000）へご連絡をお願いします。,豊栄地区,屋内,北区,5549354,2100,11240
139.1647668,37.90505086,1692,岡方第二小学校,森下1223,025-387-3380,025-384-7218,避難所に指定しています。　・災害により住居を失った方を受入れ、保護するために市が指定した施設です。避難所開設は市の職員などが施設の安全を確認して行います。　・開設前に自主的に避難した場合は、市役所（電話228-1000）へご連絡をお願いします。,豊栄地区,屋内,北区,5549352,794,11120
139.1838477,37.91905904,1694,早通南小学校,須戸１－１－１,025-386-2020,025-387-7917,避難所に指定しています。　・災害により住居を失った方を受入れ、保護するために市が指定した施設です。避難所開設は市の職員などが施設の安全を確認して行います。　・開設前に自主的に避難した場合は、市役所（電話228-1000）へご連絡をお願いします。,豊栄地区,屋内,北区,5549350,2058,11100
139.2268517,37.91680572,1698,葛塚東小学校,朝日町４－１－２,025-386-8727,025-386-7906,避難所に指定しています。　・災害により住居を失った方を受入れ、保護するために市が指定した施設です。避難所開設は市の職員などが施設の安全を確認して行います。　・開設前に自主的に避難した場合は、市役所（電話228-1000）へご連絡をお願いします。,豊栄地区,屋内,北区,5549346,1891,11060
139.2171151,37.90779304,1699,葛塚小学校,川西３－９－24,025-387-4165,025-387-4166,避難所に指定しています。　・災害により住居を失った方を受入れ、保護するために市が指定した施設です。避難所開設は市の職員などが施設の安全を確認して行います。　・開設前に自主的に避難した場合は、市役所（電話228-1000）へご連絡をお願いします。,豊栄地区,屋内,北区,5549345,1762,11050
139.1657453,37.930425,1802,濁川中学校,新崎5437番地,025-259-2150,025-259-7987,避難所に指定しています。　・災害により住居を失った方を受入れ、保護するために市が指定した施設です。避難所開設は市の職員などが施設の安全を確認して行います。　・開設前に自主的に避難した場合は、市役所（電話228-1000）へご連絡をお願いします。,北地区,屋内,北区,5549225,1368,11230
139.23246,37.90290433,1673,若葉保育園,新鼻279－２,025-386-3100,025-386-3100,避難所に指定しています。　・災害により住居を失った方を受入れ、保護するために市が指定した施設です。避難所開設は市の職員などが施設の安全を確認して行います。　・開設前に自主的に避難した場合は、市役所（電話228-1000）へご連絡をお願いします。,豊栄地区,屋内,北区,5549371,173,11560
139.2378298,37.93112866,1697,太田小学校,太田817,025-387-2226,025-384-7210,避難所に指定しています。　・災害により住居を失った方を受入れ、保護するために市が指定した施設です。避難所開設は市の職員などが施設の安全を確認して行います。　・開設前に自主的に避難した場合は、市役所（電話228-1000）へご連絡をお願いします。,豊栄地区,屋内,北区,5549347,758,11070
139.0924135,37.93885501,1826,藤見中学校,小金町３丁目５番１号,025-275-1231,025-275-1232,避難所に指定しています。　・災害により住居を失った方を受入れ、保護するために市が指定した施設です。避難所開設は市の職員などが施設の安全を確認して行います。　・開設前に自主的に避難した場合は、市役所（電話228-1000）へご連絡をお願いします。,中地区,屋内,東区,5549199,2032,21350
139.0825805,37.94216047,1827,山の下中学校,秋葉通２丁目3722番地７,025-273-9278,025-273-9279,避難所に指定しています。　・災害により住居を失った方を受入れ、保護するために市が指定した施設です。避難所開設は市の職員などが施設の安全を確認して行います。　・開設前に自主的に避難した場合は、市役所（電話228-1000）へご連絡をお願いします。,中地区,屋内,東区,5549198,2086,21320
139.0782843,37.94438141,1828,桃山小学校,桃山町２丁目204番地,025-275-1251,025-275-1252,避難所に指定しています。　・災害により住居を失った方を受入れ、保護するために市が指定した施設です。避難所開設は市の職員などが施設の安全を確認して行います。　・開設前に自主的に避難した場合は、市役所（電話228-1000）へご連絡をお願いします。,中地区,屋内,東区,5549196,1806,21060
139.0735968,37.9399918,1830,山の下小学校,山の下町８番55号,025-273-9366,025-273-9367,避難所に指定しています。　・災害により住居を失った方を受入れ、保護するために市が指定した施設です。避難所開設は市の職員などが施設の安全を確認して行います。　・開設前に自主的に避難した場合は、市役所（電話228-1000）へご連絡をお願いします。,中地区,屋内,東区,5549194,1256,21010
139.0977755,37.9491047,1543,新潟朝鮮初中級学校,空港西２丁目14番１号,025-274-8524, ,避難所に指定しています。　・災害により住居を失った方を受入れ、保護するために市が指定した施設です。避難所開設は市の職員などが施設の安全を確認して行います。　・開設前に自主的に避難した場合は、市役所（電話228-1000）へご連絡をお願いします。,東区,屋内,東区,9326912,283,21210
139.1566172,37.95040924,1801,北地区コミュニティセンター,名目所３丁目1129,025-259-6471, ,避難所に指定しています。　・災害により住居を失った方を受入れ、保護するために市が指定した施設です。避難所開設は市の職員などが施設の安全を確認して行います。　・開設前に自主的に避難した場合は、市役所（電話228-1000）へご連絡をお願いします。,北地区,屋内,北区,5549226,489,11410
139.143829,37.95668772,1804,松浜中学校,松浜５丁目12番地２,025-259-2106,025-259-5639,避難所に指定しています。　・災害により住居を失った方を受入れ、保護するために市が指定した施設です。避難所開設は市の職員などが施設の安全を確認して行います。　・開設前に自主的に避難した場合は、市役所（電話228-1000）へご連絡をお願いします。,北地区,屋内,北区,5549223,1620,11210
139.1627144,37.95689072,1806,太夫浜小学校,太夫浜2045番地２,025-259-2251,025-258-6335,避難所に指定しています。　・災害により住居を失った方を受入れ、保護するために市が指定した施設です。避難所開設は市の職員などが施設の安全を確認して行います。　・開設前に自主的に避難した場合は、市役所（電話228-1000）へご連絡をお願いします。,北地区,屋内,北区,5549221,1026,11030
139.1400491,37.95285741,1808,松浜小学校,松浜３丁目19番地１,025-259-2045,025-259-4146,避難所に指定しています。　・災害により住居を失った方を受入れ、保護するために市が指定した施設です。避難所開設は市の職員などが施設の安全を確認して行います。　・開設前に自主的に避難した場合は、市役所（電話228-1000）へご連絡をお願いします。,北地区,屋内,北区,5549219,2188,11010
139.0991591,37.93820582,1824,新潟東高等学校,小金町２丁目６番１号,025-271-7055, ,避難所に指定しています。　・災害により住居を失った方を受入れ、保護するために市が指定した施設です。避難所開設は市の職員などが施設の安全を確認して行います。　・開設前に自主的に避難した場合は、市役所（電話228-1000）へご連絡をお願いします。,中地区,屋内,東区,5549201,917,21410
139.1195705,37.94473195,1825,下山中学校,下山１丁目120番地,025-272-0263,025-272-0264,避難所に指定しています。　・災害により住居を失った方を受入れ、保護するために市が指定した施設です。避難所開設は市の職員などが施設の安全を確認して行います。　・開設前に自主的に避難した場合は、市役所（電話228-1000）へご連絡をお願いします。,中地区,屋内,東区,5549200,1946,21380
139.0980153,37.94005881,1831,中地区コミュニティセンター,松和町15番８号,025-275-1020, ,避難所に指定しています。　・災害により住居を失った方を受入れ、保護するために市が指定した施設です。避難所開設は市の職員などが施設の安全を確認して行います。　・開設前に自主的に避難した場合は、市役所（電話228-1000）へご連絡をお願いします。,中地区,屋内,東区,5549193,333,21520
139.1206779,37.9440681,1884,下山コミュニティハウス,下山1丁目121番地,025-270-2200, ,避難所に指定しています。　・災害により住居を失った方を受入れ、保護するために市が指定した施設です。避難所開設は市の職員などが施設の安全を確認して行います。　・開設前に自主的に避難した場合は、市役所（電話228-1000）へご連絡をお願いします。, ,屋内,東区,2163,104,21630
139.1166769,37.94415266,1885,下山小学校,太平２丁目18番地, , ,避難所に指定しています。　・災害により住居を失った方を受入れ、保護するために市が指定した施設です。避難所開設は市の職員などが施設の安全を確認して行います。　・開設前に自主的に避難した場合は、市役所（電話228-1000）へご連絡をお願いします。, ,屋内,東区,2164,1876,21070
139.1983022,37.93902749,1547,木崎コミュニティセンター,木崎3227,025-387-3351, ,避難所に指定しています。　・災害により住居を失った方を受入れ、保護するために市が指定した施設です。避難所開設は市の職員などが施設の安全を確認して行います。　・開設前に自主的に避難した場合は、市役所（電話228-1000）へご連絡をお願いします。,北区,屋内,北区,9326908,181,11430
139.218505,37.93807908,1671,木崎保育園,横井279,025-386-3155,025-386-3155,避難所に指定しています。　・災害により住居を失った方を受入れ、保護するために市が指定した施設です。避難所開設は市の職員などが施設の安全を確認して行います。　・開設前に自主的に避難した場合は、市役所（電話228-1000）へご連絡をお願いします。,豊栄地区,屋内,北区,5549373,310,11580
139.2007842,37.94563138,1689,木崎中学校,木崎3291－１,025-387-3366,025-387-2273,避難所に指定しています。　・災害により住居を失った方を受入れ、保護するために市が指定した施設です。避難所開設は市の職員などが施設の安全を確認して行います。　・開設前に自主的に避難した場合は、市役所（電話228-1000）へご連絡をお願いします。,豊栄地区,屋内,北区,5549355,1661,11250
139.2124353,37.95621108,1695,笹山小学校,笹山1457,025-387-2455,025-387-2600,避難所に指定しています。　・災害により住居を失った方を受入れ、保護するために市が指定した施設です。避難所開設は市の職員などが施設の安全を確認して行います。　・開設前に自主的に避難した場合は、市役所（電話228-1000）へご連絡をお願いします。,豊栄地区,屋内,北区,5549349,520,11090
139.194501,37.94095815,1696,木崎小学校,木崎2973,025-387-3365,025-387-3973,避難所に指定しています。　・災害により住居を失った方を受入れ、保護するために市が指定した施設です。避難所開設は市の職員などが施設の安全を確認して行います。　・開設前に自主的に避難した場合は、市役所（電話228-1000）へご連絡をお願いします。,豊栄地区,屋内,北区,5549348,1283,11080
139.2086297,37.98027348,1800,旧埋蔵文化財センター,太郎代2554,025-255-2006, ,避難所に指定しています。　・災害により住居を失った方を受入れ、保護するために市が指定した施設です。避難所開設は市の職員などが施設の安全を確認して行います。　・開設前に自主的に避難した場合は、市役所（電話228-1000）へご連絡をお願いします。,北地区,屋内,北区,5549227,250,12010
139.1983265,37.96492536,1803,南浜中学校,島見町3965番地,025-255-2013,025-255-3765,避難所に指定しています。　・災害により住居を失った方を受入れ、保護するために市が指定した施設です。避難所開設は市の職員などが施設の安全を確認して行います。　・開設前に自主的に避難した場合は、市役所（電話228-1000）へご連絡をお願いします。,北地区,屋内,北区,5549224,1296,11220
139.1965886,37.97043055,1807,南浜小学校,島見町2078番地,025-255-2014,025-255-4121,避難所に指定しています。　・災害により住居を失った方を受入れ、保護するために市が指定した施設です。避難所開設は市の職員などが施設の安全を確認して行います。　・開設前に自主的に避難した場合は、市役所（電話228-1000）へご連絡をお願いします。,北地区,屋内,北区,5549220,910,11020
