longitude,latitude,SAUID,SAFIELD000,SAFIELD001,SAFIELD002,SAFIELD003,SAFIELD004,SAFIELD005,SAFIELD006
138.9754781,37.69238713,1382,潟浦新児童遊園,上小吉1481番地, , ,一時避難場所に指定しています。　・災害が発生し、または発生の恐れがある場合に、一時的に避難する場所として市が指定した場所です。,中之口地区,屋外
138.9841629,37.71107278,1388,六分児童遊園,六分813-1, , ,一時避難場所に指定しています。　・災害が発生し、または発生の恐れがある場合に、一時的に避難する場所として市が指定した場所です。,中之口地区,屋外
138.983064,37.68555564,1503,新飯田公園,新飯田1004番地3, , ,一時避難場所に指定しています。　・災害が発生し、または発生の恐れがある場合に、一時的に避難する場所として市が指定した場所です。,南区,屋外
138.8680857,37.72652655,1317,岩室野球場,西中889番地１, , ,一時避難場所に指定しています。　・災害が発生し、または発生の恐れがある場合に、一時的に避難する場所として市が指定した場所です。, ,屋外
138.8364661,37.7321629,1431,丸小山公園,岩室温泉1661番地1, , ,一時避難場所に指定しています。　・災害が発生し、または発生の恐れがある場合に、一時的に避難する場所として市が指定した場所です。,岩室地区,屋外
138.8751118,37.72737527,1449,わなみ農村公園,和納4185番地, , ,一時避難場所に指定しています。　・災害が発生し、または発生の恐れがある場合に、一時的に避難する場所として市が指定した場所です。,西蒲区,屋外
138.9489534,37.73524046,1322,打越児童遊園,打越丙427-1, , ,一時避難場所に指定しています。　・災害が発生し、または発生の恐れがある場合に、一時的に避難する場所として市が指定した場所です。,中之口地区,屋外
138.9598617,37.73908537,1383,道上児童遊園,道上414, , ,一時避難場所に指定しています。　・災害が発生し、または発生の恐れがある場合に、一時的に避難する場所として市が指定した場所です。,中之口地区,屋外
138.9516669,37.75353108,1436,潟東南公園,今井455番地１, , ,一時避難場所に指定しています。　・災害が発生し、または発生の恐れがある場合に、一時的に避難する場所として市が指定した場所です。,潟東地区,屋外
139.0059972,37.753411,1319,千日児童遊園地,西白根21-8, , ,一時避難場所に指定しています。　・災害が発生し、または発生の恐れがある場合に、一時的に避難する場所として市が指定した場所です。,味方地区,屋外
138.9838813,37.71803162,1320,針ヶ曽根児童遊園,針ケ曽根401, , ,一時避難場所に指定しています。　・災害が発生し、または発生の恐れがある場合に、一時的に避難する場所として市が指定した場所です。,中之口地区,屋外
138.9932589,37.72213959,1370,月潟農村公園,月潟223, , ,一時避難場所に指定しています。　・災害が発生し、または発生の恐れがある場合に、一時的に避難する場所として市が指定した場所です。,月潟地区,屋外
138.9822216,37.74053447,1371,木滑農村公園,木滑2104-1, , ,一時避難場所に指定しています。　・災害が発生し、または発生の恐れがある場合に、一時的に避難する場所として市が指定した場所です。,月潟地区,屋外
138.9968076,37.71810581,1372,茨曽根公園,茨曽根32-3432, , ,一時避難場所に指定しています。　・災害が発生し、または発生の恐れがある場合に、一時的に避難する場所として市が指定した場所です。,白根地区,屋外
139.0132412,37.7539131,1374,諏訪木公園,戸頭1181-5, , ,一時避難場所に指定しています。　・災害が発生し、または発生の恐れがある場合に、一時的に避難する場所として市が指定した場所です。,白根地区,屋外
139.009428,37.75607287,1380,水道公園,上下諏訪木35-1, , ,一時避難場所に指定しています。　・災害が発生し、または発生の恐れがある場合に、一時的に避難する場所として市が指定した場所です。,白根地区,屋外
138.9670457,37.7138359,1381,スポレック中之口駐車場,中之口298, , ,一時避難場所に指定しています。　・災害が発生し、または発生の恐れがある場合に、一時的に避難する場所として市が指定した場所です。,中之口地区,屋外
139.0072808,37.75605582,1384,五軒茶屋児童遊園地,西白根1009-57, , ,一時避難場所に指定しています。　・災害が発生し、または発生の恐れがある場合に、一時的に避難する場所として市が指定した場所です。,味方地区,屋外
138.9658172,37.72747525,1387,河間児童遊園,河間169, , ,一時避難場所に指定しています。　・災害が発生し、または発生の恐れがある場合に、一時的に避難する場所として市が指定した場所です。,中之口地区,屋外
139.0054856,37.75606633,1404,白根第２農村公園,西白根262, , ,一時避難場所に指定しています。　・災害が発生し、または発生の恐れがある場合に、一時的に避難する場所として市が指定した場所です。,味方地区,屋外
138.9678473,37.71734882,1406,中之口出張所駐車場,中之口626, , ,一時避難場所に指定しています。　・災害が発生し、または発生の恐れがある場合に、一時的に避難する場所として市が指定した場所です。,中之口地区,屋外
138.9792039,37.73699519,1412,西部児童遊園,東長嶋89-3, , ,一時避難場所に指定しています。　・災害が発生し、または発生の恐れがある場合に、一時的に避難する場所として市が指定した場所です。,月潟地区,屋外
139.0045165,37.74755494,1413,曲通児童遊園,上曲通61-1, , ,一時避難場所に指定しています。　・災害が発生し、または発生の恐れがある場合に、一時的に避難する場所として市が指定した場所です。,月潟地区,屋外
138.9937515,37.7168778,1414,大別当児童遊園,大別当659-2, , ,一時避難場所に指定しています。　・災害が発生し、または発生の恐れがある場合に、一時的に避難する場所として市が指定した場所です。,月潟地区,屋外
138.9998434,37.73122591,1415,西萱場農村公園,西萱場95-5, , ,一時避難場所に指定しています。　・災害が発生し、または発生の恐れがある場合に、一時的に避難する場所として市が指定した場所です。,月潟地区,屋外
138.9929017,37.72642523,1416,月潟商工会脇駐車場,大別当2668, , ,一時避難場所に指定しています。　・災害が発生し、または発生の恐れがある場合に、一時的に避難する場所として市が指定した場所です。,月潟地区,屋外
138.9917788,37.72874446,1417,月潟出張所駐車場,月潟535, , ,一時避難場所に指定しています。　・災害が発生し、または発生の恐れがある場合に、一時的に避難する場所として市が指定した場所です。,月潟地区,屋外
138.9965917,37.73360366,1418,月潟野球場,西萱場1115, , ,一時避難場所に指定しています。　・災害が発生し、または発生の恐れがある場合に、一時的に避難する場所として市が指定した場所です。,月潟地区,屋外
139.0418806,37.72090758,1330,庄瀬公園,菱潟新田1番地, , ,一時避難場所に指定しています。　・災害が発生し、または発生の恐れがある場合に、一時的に避難する場所として市が指定した場所です。,南区,屋外
139.0656236,37.72865799,1333,水田農村公園,水田39番地1, , ,一時避難場所に指定しています。　・災害が発生し、または発生の恐れがある場合に、一時的に避難する場所として市が指定した場所です。,秋葉区,屋外
139.0680501,37.74228397,1390,横水児童遊園,小向1744番地, , ,一時避難場所に指定しています。　・災害が発生し、または発生の恐れがある場合に、一時的に避難する場所として市が指定した場所です。,小須戸地区,屋外
139.0844359,37.73175756,1408,鎌倉農村公園,鎌倉新田273番地2, , ,一時避難場所に指定しています。　・災害が発生し、または発生の恐れがある場合に、一時的に避難する場所として市が指定した場所です。,小須戸地区,屋外
139.0730889,37.74558219,1409,横川浜農村公園,横川浜460番地, , ,一時避難場所に指定しています。　・災害が発生し、または発生の恐れがある場合に、一時的に避難する場所として市が指定した場所です。,小須戸地区,屋外
139.0905227,37.74115922,1411,小須戸運動広場,矢代田1番地, , ,一時避難場所に指定しています。　・災害が発生し、または発生の恐れがある場合に、一時的に避難する場所として市が指定した場所です。,小須戸地区,屋外
139.0954778,37.75001924,1332,舟戸公園,矢代田1238番地5, , ,一時避難場所に指定しています。　・災害が発生し、または発生の恐れがある場合に、一時的に避難する場所として市が指定した場所です。,秋葉区,屋外
139.0968372,37.74434802,1392,山ノ手公園,矢代田5012番地, , ,一時避難場所に指定しています。　・災害が発生し、または発生の恐れがある場合に、一時的に避難する場所として市が指定した場所です。,小須戸地区,屋外
138.8666304,37.79057119,1527,上堰潟公園,松野尾1番地, , ,広域避難場所に指定しています。　・地震発生後、火災の延焼拡大等により一時避難場所が危険な状況になった場合の避難場所として市が指定しています。,西蒲区,屋外
138.8857447,37.76218254,1323,すわ保育園（広場）,巻甲763-1,0256-72-7697,0256-72-7697,一時避難場所に指定しています。　・災害が発生し、または発生の恐れがある場合に、一時的に避難する場所として市が指定した場所です。,巻地区,屋外
138.8538661,37.76319354,1432,城山運動公園,峰岡580,0256-72-1212, ,広域避難場所に指定しています。　・地震発生後、火災の延焼拡大等により一時避難場所が危険な状況になった場合の避難場所として市が指定しています。,巻地区,屋外
138.9153516,37.79288162,1386,西川筋広場,曽根7-1, , ,一時避難場所に指定しています。　・災害が発生し、または発生の恐れがある場合に、一時的に避難する場所として市が指定した場所です。,西川地区,屋外
138.9185817,37.78687508,1389,押付地区公園,押付269-1, , ,一時避難場所に指定しています。　・災害が発生し、または発生の恐れがある場合に、一時的に避難する場所として市が指定した場所です。,西川地区,屋外
138.9124565,37.78761806,1433,西川ふれあい公園,松崎73番地, , ,一時避難場所に指定しています。　・災害が発生し、または発生の恐れがある場合に、一時的に避難する場所として市が指定した場所です。,西蒲区,屋外
138.9150174,37.7671706,1434,県農業大学校,巻甲12007,0256-72-3141,0256-73-3001,一時避難場所に指定しています。　・災害が発生し、または発生の恐れがある場合に、一時的に避難する場所として市が指定した場所です。,巻地区,屋外
138.9523631,37.77876335,1437,潟東西公園,横戸1960番地, , ,一時避難場所に指定しています。　・災害が発生し、または発生の恐れがある場合に、一時的に避難する場所として市が指定した場所です。,潟東地区,屋外
138.9139557,37.80020401,1447,魲地区公園,魲340番地1, , ,一時避難場所に指定しています。　・災害が発生し、または発生の恐れがある場合に、一時的に避難する場所として市が指定した場所です。,西蒲区,屋外
139.009189,37.77840192,1314,味方児童館駐車場,味方679, , ,一時避難場所に指定しています。　・災害が発生し、または発生の恐れがある場合に、一時的に避難する場所として市が指定した場所です。, ,屋外
139.0191612,37.76538336,1373,白根公園,白根1145-1, , ,一時避難場所に指定しています。　・災害が発生し、または発生の恐れがある場合に、一時的に避難する場所として市が指定した場所です。,白根地区,屋外
139.0156383,37.79579302,1379,根岸公園,高井東一丁目392-1, , ,一時避難場所に指定しています。　・災害が発生し、または発生の恐れがある場合に、一時的に避難する場所として市が指定した場所です。,白根地区,屋外
139.0093987,37.79315507,1385,吉江児童遊園地,吉江656-1, , ,一時避難場所に指定しています。　・災害が発生し、または発生の恐れがある場合に、一時的に避難する場所として市が指定した場所です。,味方地区,屋外
138.9743185,37.78555092,1395,潟東北公園,五之上253番地3, , ,一時避難場所に指定しています。　・災害が発生し、または発生の恐れがある場合に、一時的に避難する場所として市が指定した場所です。,潟東地区,屋外
139.0038249,37.77828523,1399,味方出張所駐車場,味方1544, , ,一時避難場所に指定しています。　・災害が発生し、または発生の恐れがある場合に、一時的に避難する場所として市が指定した場所です。,味方地区,屋外
139.0080797,37.80048767,1401,七穂農村公園,山王新田1-1, , ,一時避難場所に指定しています。　・災害が発生し、または発生の恐れがある場合に、一時的に避難する場所として市が指定した場所です。,味方地区,屋外
139.0100391,37.78368161,1402,味方第２農村公園,味方952-4, , ,一時避難場所に指定しています。　・災害が発生し、または発生の恐れがある場合に、一時的に避難する場所として市が指定した場所です。,味方地区,屋外
139.0073262,37.77783951,1403,味方第１農村公園,味方624-1, , ,一時避難場所に指定しています。　・災害が発生し、または発生の恐れがある場合に、一時的に避難する場所として市が指定した場所です。,味方地区,屋外
139.0102241,37.76548321,1405,白根第１農村公園,西白根1563-1, , ,一時避難場所に指定しています。　・災害が発生し、または発生の恐れがある場合に、一時的に避難する場所として市が指定した場所です。,味方地区,屋外
138.9759107,37.7659662,1435,潟東東公園,井随436番地, , ,一時避難場所に指定しています。　・災害が発生し、または発生の恐れがある場合に、一時的に避難する場所として市が指定した場所です。,潟東地区,屋外
139.0249605,37.75867028,1450,白根総合公園,上下諏訪木1775-1, , ,広域避難場所に指定しています。　・地震発生後、火災の延焼拡大等により一時避難場所が危険な状況になった場合の避難場所として市が指定しています。,白根地区,屋外
139.0679199,37.76053755,1318,小須戸児童遊園,小須戸3526番地4, , ,一時避難場所に指定しています。　・災害が発生し、または発生の恐れがある場合に、一時的に避難する場所として市が指定した場所です。,小須戸地区,屋外
139.0606443,37.76188449,1331,下八枚公園,下八枚590番地, , ,一時避難場所に指定しています。　・災害が発生し、または発生の恐れがある場合に、一時的に避難する場所として市が指定した場所です。,南区,屋外
139.0839649,37.75925822,1391,新保農村公園,新保1744番地1, , ,一時避難場所に指定しています。　・災害が発生し、または発生の恐れがある場合に、一時的に避難する場所として市が指定した場所です。,小須戸地区,屋外
139.073724,37.75838306,1410,中間木公園,小須戸320番地, , ,一時避難場所に指定しています。　・災害が発生し、または発生の恐れがある場合に、一時的に避難する場所として市が指定した場所です。,小須戸地区,屋外
139.1290696,37.79743644,1338,日宝町公園,日宝町294番地1, , ,一時避難場所に指定しています。　・災害が発生し、または発生の恐れがある場合に、一時的に避難する場所として市が指定した場所です。,秋葉区,屋外
139.1679033,37.79784178,1340,六郷公園,六郷1033番地1, , ,一時避難場所に指定しています。　・災害が発生し、または発生の恐れがある場合に、一時的に避難する場所として市が指定した場所です。,秋葉区,屋外
138.8772517,37.81573286,1505,佐潟公園,赤塚5404番地14, , ,広域避難場所に指定しています。　・地震発生後、火災の延焼拡大等により一時避難場所が危険な状況になった場合の避難場所として市が指定しています。,西地区,屋外
138.9563656,37.81261059,1407,升岡農村公園,升岡新田143, , ,一時避難場所に指定しています。　・災害が発生し、または発生の恐れがある場合に、一時的に避難する場所として市が指定した場所です。,西川地区,屋外
138.9419956,37.80962815,1448,升潟児童遊園,大潟384番地1, , ,一時避難場所に指定しています。　・災害が発生し、または発生の恐れがある場合に、一時的に避難する場所として市が指定した場所です。,西蒲区,屋外
138.9042369,37.81906983,1504,みずき野中央公園,みずき野4丁目14番1号, , ,一時避難場所に指定しています。　・災害が発生し、または発生の恐れがある場合に、一時的に避難する場所として市が指定した場所です。,西地区,屋外
138.8981013,37.81796478,1506,かただ公園,みずき野6丁目6番25号, , ,一時避難場所に指定しています。　・災害が発生し、または発生の恐れがある場合に、一時的に避難する場所として市が指定した場所です。,西地区,屋外
138.9077652,37.84442761,1507,小丸山公園,新中浜5丁目5番地, , ,一時避難場所に指定しています。　・災害が発生し、または発生の恐れがある場合に、一時的に避難する場所として市が指定した場所です。,西地区,屋外
139.0208582,37.84249988,1312,白根排水機場跡地,下下俵933, , ,一時避難場所に指定しています。　・災害が発生し、または発生の恐れがある場合に、一時的に避難する場所として市が指定した場所です。, ,屋外
139.0226562,37.8235406,1313,大通ふれあい公園,大通黄金2-7-11, , ,一時避難場所に指定しています。　・災害が発生し、または発生の恐れがある場合に、一時的に避難する場所として市が指定した場所です。, ,屋外
139.0205151,37.82639493,1321,大通さつき公園,大通黄金一丁目3-1, , ,一時避難場所に指定しています。　・災害が発生し、または発生の恐れがある場合に、一時的に避難する場所として市が指定した場所です。,白根地区,屋外
139.0197945,37.83961856,1329,大通はあと公園,鷲ノ木新田, , ,一時避難場所に指定しています。　・災害が発生し、または発生の恐れがある場合に、一時的に避難する場所として市が指定した場所です。,南区,屋外
139.0197902,37.83153251,1375,大通南3号公園,大通南三丁目5, , ,一時避難場所に指定しています。　・災害が発生し、または発生の恐れがある場合に、一時的に避難する場所として市が指定した場所です。,白根地区,屋外
139.0205774,37.82924806,1376,大通南2号公園,大通南一丁目119, , ,一時避難場所に指定しています。　・災害が発生し、または発生の恐れがある場合に、一時的に避難する場所として市が指定した場所です。,白根地区,屋外
139.023904,37.8283611,1377,大通南1号公園,大通南二丁目169, , ,一時避難場所に指定しています。　・災害が発生し、または発生の恐れがある場合に、一時的に避難する場所として市が指定した場所です。,白根地区,屋外
139.0185834,37.8412454,1378,大通公園,大通一丁目850-3, , ,一時避難場所に指定しています。　・災害が発生し、または発生の恐れがある場合に、一時的に避難する場所として市が指定した場所です。,白根地区,屋外
139.0042556,37.80651143,1398,大倉児童公園,大倉535-1, , ,一時避難場所に指定しています。　・災害が発生し、または発生の恐れがある場合に、一時的に避難する場所として市が指定した場所です。,味方地区,屋外
139.0020458,37.8103275,1400,居宿農村公園,居宿7, , ,一時避難場所に指定しています。　・災害が発生し、または発生の恐れがある場合に、一時的に避難する場所として市が指定した場所です。,味方地区,屋外
138.9989325,37.83496214,1453,宮のもり・木場城公園,木場126番地6, , ,一時避難場所に指定しています。　・災害が発生し、または発生の恐れがある場合に、一時的に避難する場所として市が指定した場所です。,黒埼地区,屋外
139.0825402,37.8454376,1473,ありの実公園,両川1丁目1201-2, , ,一時避難場所に指定しています。　・災害が発生し、または発生の恐れがある場合に、一時的に避難する場所として市が指定した場所です。,南地区,屋外
139.0500946,37.81695369,1483,大鷲公園,東笠巻1277番地, , ,一時避難場所に指定しています。　・災害が発生し、または発生の恐れがある場合に、一時的に避難する場所として市が指定した場所です。,南区,屋外
139.1071022,37.83011943,1315,荻野公園,荻野町109番地3, , ,一時避難場所に指定しています。　・災害が発生し、または発生の恐れがある場合に、一時的に避難する場所として市が指定した場所です。, ,屋外
139.1526806,37.82211301,1334,満願寺公園,満願寺3423番地2, , ,一時避難場所に指定しています。　・災害が発生し、または発生の恐れがある場合に、一時的に避難する場所として市が指定した場所です。,秋葉区,屋外
139.1018805,37.83373469,1335,あおば公園,あおば通１丁目109番地1, , ,一時避難場所に指定しています。　・災害が発生し、または発生の恐れがある場合に、一時的に避難する場所として市が指定した場所です。,秋葉区,屋外
139.1139268,37.82539868,1336,みそら野公園,みそら野3丁目14番地6, , ,一時避難場所に指定しています。　・災害が発生し、または発生の恐れがある場合に、一時的に避難する場所として市が指定した場所です。,秋葉区,屋外
139.1064604,37.81682753,1337,工業団地２号公園,川口578番地30, , ,一時避難場所に指定しています。　・災害が発生し、または発生の恐れがある場合に、一時的に避難する場所として市が指定した場所です。,秋葉区,屋外
139.1122092,37.81832982,1339,工業団地3号公園,川口578番地28, , ,一時避難場所に指定しています。　・災害が発生し、または発生の恐れがある場合に、一時的に避難する場所として市が指定した場所です。,秋葉区,屋外
139.1063439,37.8154454,1341,工業団地1号公園,川口578番地1, , ,一時避難場所に指定しています。　・災害が発生し、または発生の恐れがある場合に、一時的に避難する場所として市が指定した場所です。,秋葉区,屋外
139.1281972,37.83753323,1442,木津農村公園,木津3丁目518番地6, , ,一時避難場所に指定しています。　・災害が発生し、または発生の恐れがある場合に、一時的に避難する場所として市が指定した場所です。,横越地区,屋外
139.131341,37.83996083,1443,第1やすらぎ公園,木津工業団地2428番地12, , ,一時避難場所に指定しています。　・災害が発生し、または発生の恐れがある場合に、一時的に避難する場所として市が指定した場所です。,横越地区,屋外
138.9397455,37.86251408,1509,大学南第一公園,大学南2丁目27番1号, , ,一時避難場所に指定しています。　・災害が発生し、または発生の恐れがある場合に、一時的に避難する場所として市が指定した場所です。,西地区,屋外
138.9135569,37.84711747,1508,中浜公園,新中浜1丁目10番地1, , ,一時避難場所に指定しています。　・災害が発生し、または発生の恐れがある場合に、一時的に避難する場所として市が指定した場所です。,西地区,屋外
138.9947187,37.86212664,1510,的場史跡公園,的場流通1丁目2番地1, , ,一時避難場所に指定しています。　・災害が発生し、または発生の恐れがある場合に、一時的に避難する場所として市が指定した場所です。,坂井輪地区,屋外
138.9722564,37.88360386,1511,寺尾中央公園,寺尾中央公園1番1号, , ,広域避難場所に指定しています。　・地震発生後、火災の延焼拡大等により一時避難場所が危険な状況になった場合の避難場所として市が指定しています。,坂井輪地区,屋外
138.991522,37.8635241,1512,流通公園,流通センター5丁目1番地, , ,一時避難場所に指定しています。　・災害が発生し、または発生の恐れがある場合に、一時的に避難する場所として市が指定した場所です。,坂井輪地区,屋外
138.9816058,37.88051141,1514,寺尾あけぼの公園,寺尾前通2丁目9番地, , ,一時避難場所に指定しています。　・災害が発生し、または発生の恐れがある場合に、一時的に避難する場所として市が指定した場所です。,坂井輪地区,屋外
139.0060197,37.88958426,1516,平島公園,平島1丁目21番地, , ,一時避難場所に指定しています。　・災害が発生し、または発生の恐れがある場合に、一時的に避難する場所として市が指定した場所です。,坂井輪地区,屋外
138.976507,37.85184518,1451,黒鳥公園,黒鳥5920番地, , ,一時避難場所に指定しています。　・災害が発生し、または発生の恐れがある場合に、一時的に避難する場所として市が指定した場所です。,黒埼地区,屋外
139.0120109,37.87503386,1452,ときめきけやき公園,ときめき東1-3-2, , ,一時避難場所に指定しています。　・災害が発生し、または発生の恐れがある場合に、一時的に避難する場所として市が指定した場所です。,黒埼地区,屋外
139.0275334,37.88981049,1467,上山公園,愛宕3丁目5番地, , ,一時避難場所に指定しています。　・災害が発生し、または発生の恐れがある場合に、一時的に避難する場所として市が指定した場所です。,南地区,屋外
139.0272805,37.88692329,1468,愛宕公園,愛宕1丁目5番地, , ,一時避難場所に指定しています。　・災害が発生し、または発生の恐れがある場合に、一時的に避難する場所として市が指定した場所です。,南地区,屋外
139.0145411,37.87127842,1474,山田公園,山田3358番地, , ,一時避難場所に指定しています。　・災害が発生し、または発生の恐れがある場合に、一時的に避難する場所として市が指定した場所です。,西区,屋外
139.0601605,37.88287386,1311,新潟スタジアム,清五郎68番地1,025-287-8811, ,一時避難場所に指定しています。　・災害が発生し、または発生の恐れがある場合に、一時的に避難する場所として市が指定した場所です。, ,屋外
139.0821544,37.87145034,1428,かわね公園,亀田工業団地1丁目2528番地17, , ,一時避難場所に指定しています。　・災害が発生し、または発生の恐れがある場合に、一時的に避難する場所として市が指定した場所です。,亀田地区,屋外
139.0453194,37.88928227,1463,鳥屋野運動公園,女池南3丁目6番4号, , ,広域避難場所に指定しています。　・地震発生後、火災の延焼拡大等により一時避難場所が危険な状況になった場合の避難場所として市が指定しています。,南地区,屋外
139.0461393,37.88060527,1464,鳥屋野潟公園,鐘木，清五郎，女池, , ,広域避難場所に指定しています。　・地震発生後、火災の延焼拡大等により一時避難場所が危険な状況になった場合の避難場所として市が指定しています。,南地区,屋外
139.044335,37.8888682,1465,鳥屋野交通公園,女池南3丁目6番3号, , ,一時避難場所に指定しています。　・災害が発生し、または発生の恐れがある場合に、一時的に避難する場所として市が指定した場所です。,南地区,屋外
139.0409686,37.84665615,1466,舞平公園,平賀234-1, , ,一時避難場所に指定しています。　・災害が発生し、または発生の恐れがある場合に、一時的に避難する場所として市が指定した場所です。,南地区,屋外
139.0411015,37.86680575,1470,しゅもく公園,曽野木1丁目18番1号, , ,一時避難場所に指定しています。　・災害が発生し、または発生の恐れがある場合に、一時的に避難する場所として市が指定した場所です。,南地区,屋外
139.1448715,37.85637426,1324,横越中央西公園,横越中央1丁目4606番地6, , ,一時避難場所に指定しています。　・災害が発生し、または発生の恐れがある場合に、一時的に避難する場所として市が指定した場所です。,横越地区,屋外
139.1466827,37.8564174,1325,横越中央東公園,横越中央2丁目4611番地21, , ,一時避難場所に指定しています。　・災害が発生し、または発生の恐れがある場合に、一時的に避難する場所として市が指定した場所です。,横越地区,屋外
139.1452896,37.84975987,1326,横越さつき公園,横越上町1丁目543番地10, , ,一時避難場所に指定しています。　・災害が発生し、または発生の恐れがある場合に、一時的に避難する場所として市が指定した場所です。,横越地区,屋外
139.1371659,37.87595109,1342,うぐいす公園,うぐいす2丁目313番地8, , ,一時避難場所に指定しています。　・災害が発生し、または発生の恐れがある場合に、一時的に避難する場所として市が指定した場所です。,江南区,屋外
139.1440462,37.85726359,1343,いぶき野公園,いぶき野1丁目101番地4, , ,一時避難場所に指定しています。　・災害が発生し、または発生の恐れがある場合に、一時的に避難する場所として市が指定した場所です。,江南区,屋外
139.1518799,37.88182964,1344,大江山公園,笹山423番地, , ,一時避難場所に指定しています。　・災害が発生し、または発生の恐れがある場合に、一時的に避難する場所として市が指定した場所です。,江南区,屋外
139.095755,37.85815764,1393,亀田総合運動公園,茅野山３丁目１, , ,一時避難場所に指定しています。　・災害が発生し、または発生の恐れがある場合に、一時的に避難する場所として市が指定した場所です。,亀田地区,屋外
139.128053,37.85768597,1394,亀田曙公園,曙町４丁目230番地54, , ,一時避難場所に指定しています。　・災害が発生し、または発生の恐れがある場合に、一時的に避難する場所として市が指定した場所です。,亀田地区,屋外
139.134029,37.86182606,1396,横越川根町第2公園,横越川根町５丁目3215番地42, , ,一時避難場所に指定しています。　・災害が発生し、または発生の恐れがある場合に、一時的に避難する場所として市が指定した場所です。,横越地区,屋外
139.1397973,37.85479857,1397,横越農村公園,横越川根町2丁目1236番地, , ,一時避難場所に指定しています。　・災害が発生し、または発生の恐れがある場合に、一時的に避難する場所として市が指定した場所です。,横越地区,屋外
139.1022343,37.87821057,1419,大月公園,亀田ノ内高山520番地１, , ,一時避難場所に指定しています。　・災害が発生し、または発生の恐れがある場合に、一時的に避難する場所として市が指定した場所です。,亀田地区,屋外
139.122675,37.8643807,1420,砂岡公園,砂岡３丁目1105番地１, , ,一時避難場所に指定しています。　・災害が発生し、または発生の恐れがある場合に、一時的に避難する場所として市が指定した場所です。,亀田地区,屋外
139.115659,37.86031341,1421,堤公園,城山４丁目甲466-1, , ,一時避難場所に指定しています。　・災害が発生し、または発生の恐れがある場合に、一時的に避難する場所として市が指定した場所です。,亀田地区,屋外
139.0957726,37.87448815,1422,さつき公園,五月町２丁目570番地36, , ,一時避難場所に指定しています。　・災害が発生し、または発生の恐れがある場合に、一時的に避難する場所として市が指定した場所です。,亀田地区,屋外
139.107926,37.86230531,1423,城所公園,城所１丁目甲611-2, , ,一時避難場所に指定しています。　・災害が発生し、または発生の恐れがある場合に、一時的に避難する場所として市が指定した場所です。,亀田地区,屋外
139.1023995,37.8853126,1424,中島公園,亀田中島3丁目2455番地, , ,一時避難場所に指定しています。　・災害が発生し、または発生の恐れがある場合に、一時的に避難する場所として市が指定した場所です。,亀田地区,屋外
139.1138991,37.86752488,1425,亀田東公園,亀田東町2丁目2895番地3, , ,一時避難場所に指定しています。　・災害が発生し、または発生の恐れがある場合に、一時的に避難する場所として市が指定した場所です。,亀田地区,屋外
139.1041947,37.87299025,1426,西町公園,西町5丁目1233番地1, , ,一時避難場所に指定しています。　・災害が発生し、または発生の恐れがある場合に、一時的に避難する場所として市が指定した場所です。,亀田地区,屋外
139.1133859,37.8719816,1427,稲葉公園,稲葉2丁目846番地1, , ,一時避難場所に指定しています。　・災害が発生し、または発生の恐れがある場合に、一時的に避難する場所として市が指定した場所です。,亀田地区,屋外
139.1102815,37.88023076,1429,亀田公園,亀田向陽4丁目1779番地1, , ,一時避難場所に指定しています。　・災害が発生し、または発生の恐れがある場合に、一時的に避難する場所として市が指定した場所です。,亀田地区,屋外
139.1015208,37.87205678,1430,亀田運動広場,亀田緑町1丁目2, , ,一時避難場所に指定しています。　・災害が発生し、または発生の恐れがある場合に、一時的に避難する場所として市が指定した場所です。,亀田地区,屋外
139.1353736,37.875225,1438,処分場運動広場,うぐいす2丁目1, , ,一時避難場所に指定しています。　・災害が発生し、または発生の恐れがある場合に、一時的に避難する場所として市が指定した場所です。,横越地区,屋外
139.137963,37.87421933,1439,藤駒農村公園,駒込字前郷227, , ,一時避難場所に指定しています。　・災害が発生し、または発生の恐れがある場合に、一時的に避難する場所として市が指定した場所です。,横越地区,屋外
139.1609765,37.87573783,1440,小杉農村公園,小杉3丁目2929番地1, , ,一時避難場所に指定しています。　・災害が発生し、または発生の恐れがある場合に、一時的に避難する場所として市が指定した場所です。,横越地区,屋外
139.112909,37.84749846,1441,二本木ことぶき公園,二本木4丁目1257番地８, , ,一時避難場所に指定しています。　・災害が発生し、または発生の恐れがある場合に、一時的に避難する場所として市が指定した場所です。,横越地区,屋外
139.1406773,37.85855161,1444,茜ヶ丘公園,茜ケ丘2943番地1, , ,一時避難場所に指定しています。　・災害が発生し、または発生の恐れがある場合に、一時的に避難する場所として市が指定した場所です。,横越地区,屋外
139.1359565,37.85738144,1445,横越第1みどり公園,横越川根町3丁目2733番地16, , ,一時避難場所に指定しています。　・災害が発生し、または発生の恐れがある場合に、一時的に避難する場所として市が指定した場所です。,横越地区,屋外
139.1543998,37.85562052,1446,いなほ公園,横越東町1丁目3687番地19, , ,一時避難場所に指定しています。　・災害が発生し、または発生の恐れがある場合に、一時的に避難する場所として市が指定した場所です。,横越地区,屋外
139.121977,37.87389842,1455,北山池公園,北山183番地1, , ,一時避難場所に指定しています。　・災害が発生し、または発生の恐れがある場合に、一時的に避難する場所として市が指定した場所です。,石山地区,屋外
139.1380813,37.88295619,1456,西山公園,西山338番地, , ,一時避難場所に指定しています。　・災害が発生し、または発生の恐れがある場合に、一時的に避難する場所として市が指定した場所です。,石山地区,屋外
139.2107613,37.88777978,1348,長浦農村公園,浦木字長場村下1963番地1, , ,一時避難場所に指定しています。　・災害が発生し、または発生の恐れがある場合に、一時的に避難する場所として市が指定した場所です。,北区,屋外
138.9967808,37.8914973,1513,青山水道遊園,青山水道1番1号, , ,一時避難場所に指定しています。　・災害が発生し、または発生の恐れがある場合に、一時的に避難する場所として市が指定した場所です。,坂井輪地区,屋外
139.008127,37.89500658,1515,平島記念公園,平島3丁目1番地, , ,一時避難場所に指定しています。　・災害が発生し、または発生の恐れがある場合に、一時的に避難する場所として市が指定した場所です。,坂井輪地区,屋外
138.9987654,37.89575708,1517,新町公園,青山新町14番地, , ,一時避難場所に指定しています。　・災害が発生し、または発生の恐れがある場合に、一時的に避難する場所として市が指定した場所です。,坂井輪地区,屋外
139.0011059,37.90768628,1520,青山海浜公園,関屋1829番地1, , ,一時避難場所に指定しています。　・災害が発生し、または発生の恐れがある場合に、一時的に避難する場所として市が指定した場所です。,本庁,屋外
139.0048332,37.91077176,1522,関分記念公園,関屋2番地44, , ,一時避難場所に指定しています。　・災害が発生し、または発生の恐れがある場合に、一時的に避難する場所として市が指定した場所です。,本庁,屋外
139.0239029,37.9172313,1523,下川原公園,関屋下川原町1丁目3番地3, , ,一時避難場所に指定しています。　・災害が発生し、または発生の恐れがある場合に、一時的に避難する場所として市が指定した場所です。,本庁,屋外
139.0126301,37.91001878,1525,信濃公園,信濃町19番1号, , ,一時避難場所に指定しています。　・災害が発生し、または発生の恐れがある場合に、一時的に避難する場所として市が指定した場所です。,本庁,屋外
139.0185504,37.90889683,1526,金鉢山公園,関屋金鉢山町90番地1, , ,一時避難場所に指定しています。　・災害が発生し、または発生の恐れがある場合に、一時的に避難する場所として市が指定した場所です。,本庁,屋外
139.0314702,37.92591322,1518,西海岸公園,西船見町5932番地626, , ,広域避難場所に指定しています。　・地震発生後、火災の延焼拡大等により一時避難場所が危険な状況になった場合の避難場所として市が指定しています。,本庁,屋外
139.0385288,37.91543901,1519,白山公園,一番堀通町1番地2, , ,一時避難場所に指定しています。　・災害が発生し、または発生の恐れがある場合に、一時的に避難する場所として市が指定した場所です。,本庁,屋外
139.0412416,37.92763793,1521,西大畑公園,西大畑町5191番地, , ,一時避難場所に指定しています。　・災害が発生し、または発生の恐れがある場合に、一時的に避難する場所として市が指定した場所です。,本庁,屋外
139.0378595,37.92941556,1310,旧二葉中学校グランド,二葉町2丁目5932, , ,一時避難場所に指定しています。　・災害が発生し、または発生の恐れがある場合に、一時的に避難する場所として市が指定した場所です。,本庁,屋外
139.0793255,37.89456237,1454,桜が丘公園,京王2丁目15番7号, , ,一時避難場所に指定しています。　・災害が発生し、または発生の恐れがある場合に、一時的に避難する場所として市が指定した場所です。,石山地区,屋外
139.0815234,37.90021915,1457,東山公園,東明１丁目４番地, , ,一時避難場所に指定しています。　・災害が発生し、または発生の恐れがある場合に、一時的に避難する場所として市が指定した場所です。,石山地区,屋外
139.0942014,37.90115678,1458,石山居村公園,新石山4丁目9番地1, , ,一時避難場所に指定しています。　・災害が発生し、または発生の恐れがある場合に、一時的に避難する場所として市が指定した場所です。,石山地区,屋外
139.0384517,37.90743188,1469,上所島公園,上所2丁目2番32号, , ,一時避難場所に指定しています。　・災害が発生し、または発生の恐れがある場合に、一時的に避難する場所として市が指定した場所です。,南地区,屋外
139.0661465,37.91196192,1471,太陽公園,笹口1丁目16番地, , ,一時避難場所に指定しています。　・災害が発生し、または発生の恐れがある場合に、一時的に避難する場所として市が指定した場所です。,南地区,屋外
139.0692377,37.91374428,1472,笹口公園,笹口3丁目6番地1, , ,一時避難場所に指定しています。　・災害が発生し、または発生の恐れがある場合に、一時的に避難する場所として市が指定した場所です。,南地区,屋外
139.0738058,37.91898883,1486,日の出公園,日の出1丁目7番1号, , ,一時避難場所に指定しています。　・災害が発生し、または発生の恐れがある場合に、一時的に避難する場所として市が指定した場所です。,東地区,屋外
139.0625092,37.91700589,1487,万代公園,東万代町9番3号, , ,一時避難場所に指定しています。　・災害が発生し、または発生の恐れがある場合に、一時的に避難する場所として市が指定した場所です。,東地区,屋外
139.0667614,37.91589003,1488,東公園,明石1丁目4番1号, , ,一時避難場所に指定しています。　・災害が発生し、または発生の恐れがある場合に、一時的に避難する場所として市が指定した場所です。,東地区,屋外
139.0784996,37.93600836,1493,大山台公園,大山2丁目13番2号, , ,一時避難場所に指定しています。　・災害が発生し、または発生の恐れがある場合に、一時的に避難する場所として市が指定した場所です。,中地区,屋外
139.0941326,37.93317164,1494,藤見中央公園,藤見町2丁目29番1号, , ,一時避難場所に指定しています。　・災害が発生し、または発生の恐れがある場合に、一時的に避難する場所として市が指定した場所です。,中地区,屋外
139.1088298,37.90529872,1316,協和公園,石山団地9-16, , ,一時避難場所に指定しています。　・災害が発生し、または発生の恐れがある場合に、一時的に避難する場所として市が指定した場所です。, ,屋外
139.1184664,37.92865822,1345,新松崎第2公園,新松崎3丁目6番8号, , ,一時避難場所に指定しています。　・災害が発生し、または発生の恐れがある場合に、一時的に避難する場所として市が指定した場所です。,東区,屋外
139.1011922,37.90410195,1459,中野山家浦公園,中野山1丁目2番地2, , ,一時避難場所に指定しています。　・災害が発生し、または発生の恐れがある場合に、一時的に避難する場所として市が指定した場所です。,石山地区,屋外
139.0982758,37.90251867,1460,石山中央公園,新石山2丁目5番地, , ,一時避難場所に指定しています。　・災害が発生し、または発生の恐れがある場合に、一時的に避難する場所として市が指定した場所です。,石山地区,屋外
139.1109312,37.90546956,1461,石山第一公園,東中島1丁目2番18号, , ,一時避難場所に指定しています。　・災害が発生し、または発生の恐れがある場合に、一時的に避難する場所として市が指定した場所です。,石山地区,屋外
139.1035359,37.89346041,1462,萌木野公園,もえぎ野2丁目14番30号, , ,一時避難場所に指定しています。　・災害が発生し、または発生の恐れがある場合に、一時的に避難する場所として市が指定した場所です。,石山地区,屋外
139.1590372,37.92028659,1476,すみれ野公園,すみれ野1丁目12-2, , ,一時避難場所に指定しています。　・災害が発生し、または発生の恐れがある場合に、一時的に避難する場所として市が指定した場所です。,北地区,屋外
139.1535123,37.92748463,1478,つくし野西公園,つくし野1丁目13番1号, , ,一時避難場所に指定しています。　・災害が発生し、または発生の恐れがある場合に、一時的に避難する場所として市が指定した場所です。,北地区,屋外
139.1571777,37.92943303,1479,つくし野東公園,つくし野2丁目18番, , ,一時避難場所に指定しています。　・災害が発生し、または発生の恐れがある場合に、一時的に避難する場所として市が指定した場所です。,北地区,屋外
139.1280103,37.93441986,1489,かれすわ公園,海老ヶ瀬78番地9, , ,一時避難場所に指定しています。　・災害が発生し、または発生の恐れがある場合に、一時的に避難する場所として市が指定した場所です。,東地区,屋外
139.1053229,37.93556718,1498,河渡公園,河渡本町20番1号, , ,一時避難場所に指定しています。　・災害が発生し、または発生の恐れがある場合に、一時的に避難する場所として市が指定した場所です。,中地区,屋外
139.2249329,37.90660617,1347,豊栄南運動公園,嘉山字嘉山493番地, , ,一時避難場所に指定しています。　・災害が発生し、または発生の恐れがある場合に、一時的に避難する場所として市が指定した場所です。,北区,屋外
139.2263275,37.91960877,1349,しらかば公園,朝日町２丁目14番1号, , ,一時避難場所に指定しています。　・災害が発生し、または発生の恐れがある場合に、一時的に避難する場所として市が指定した場所です。,北区,屋外
139.1845881,37.92385778,1350,豊栄大空公園,早通北５丁目1682番地1, , ,一時避難場所に指定しています。　・災害が発生し、または発生の恐れがある場合に、一時的に避難する場所として市が指定した場所です。,北区,屋外
139.22248,37.90761931,1351,中嘉山公園,嘉山4丁目6番1号, , ,一時避難場所に指定しています。　・災害が発生し、または発生の恐れがある場合に、一時的に避難する場所として市が指定した場所です。,北区,屋外
139.2086806,37.91650127,1352,夕やけ公園,柳原3丁目10番2号, , ,一時避難場所に指定しています。　・災害が発生し、または発生の恐れがある場合に、一時的に避難する場所として市が指定した場所です。,北区,屋外
139.2143223,37.90876141,1353,住良公園,川西3丁目1834番地, , ,一時避難場所に指定しています。　・災害が発生し、または発生の恐れがある場合に、一時的に避難する場所として市が指定した場所です。,北区,屋外
139.1824221,37.93415706,1354,おやま公園,木崎837番地30, , ,一時避難場所に指定しています。　・災害が発生し、または発生の恐れがある場合に、一時的に避難する場所として市が指定した場所です。,北区,屋外
139.2117346,37.91498175,1356,さくら公園,白新町4丁目54番1号, , ,一時避難場所に指定しています。　・災害が発生し、または発生の恐れがある場合に、一時的に避難する場所として市が指定した場所です。,北区,屋外
139.2151302,37.92223722,1357,すみれ公園,石動1丁目10番3号, , ,一時避難場所に指定しています。　・災害が発生し、または発生の恐れがある場合に、一時的に避難する場所として市が指定した場所です。,北区,屋外
139.1846175,37.92087885,1358,まえわり公園,早通北3丁目311番地75, , ,一時避難場所に指定しています。　・災害が発生し、または発生の恐れがある場合に、一時的に避難する場所として市が指定した場所です。,北区,屋外
139.1786712,37.91789867,1359,仏伝公園,早通南3丁目977番地, , ,一時避難場所に指定しています。　・災害が発生し、または発生の恐れがある場合に、一時的に避難する場所として市が指定した場所です。,北区,屋外
139.1868165,37.92102723,1360,彩野公園,彩野1丁目6番1号, , ,一時避難場所に指定しています。　・災害が発生し、または発生の恐れがある場合に、一時的に避難する場所として市が指定した場所です。,北区,屋外
139.2179725,37.92428188,1361,下大口公園,葛塚字下大口4539, , ,一時避難場所に指定しています。　・災害が発生し、または発生の恐れがある場合に、一時的に避難する場所として市が指定した場所です。,北区,屋外
139.2171044,37.92085197,1362,石動公園,白新町1丁目3994番地, , ,一時避難場所に指定しています。　・災害が発生し、または発生の恐れがある場合に、一時的に避難する場所として市が指定した場所です。,北区,屋外
139.2197684,37.91127675,1363,川岸公園,嘉山2丁目1646番地, , ,一時避難場所に指定しています。　・災害が発生し、または発生の恐れがある場合に、一時的に避難する場所として市が指定した場所です。,北区,屋外
139.2254262,37.91465461,1365,前新田公園,東栄町2丁目7番1号, , ,一時避難場所に指定しています。　・災害が発生し、または発生の恐れがある場合に、一時的に避難する場所として市が指定した場所です。,北区,屋外
139.2143472,37.90741721,1366,美里第一公園,美里1丁目5番5号, , ,一時避難場所に指定しています。　・災害が発生し、または発生の恐れがある場合に、一時的に避難する場所として市が指定した場所です。,北区,屋外
139.2219663,37.9245446,1368,月見公園,大田字法花鳥屋甲5271, , ,一時避難場所に指定しています。　・災害が発生し、または発生の恐れがある場合に、一時的に避難する場所として市が指定した場所です。,北区,屋外
139.2116005,37.92053957,1369,豊栄ひまわり公園,柳原2丁目7番1号, , ,一時避難場所に指定しています。　・災害が発生し、または発生の恐れがある場合に、一時的に避難する場所として市が指定した場所です。,北区,屋外
139.2349666,37.91380838,1346,水の公園福島潟,前新田乙493番地, , ,広域避難場所に指定しています。　・地震発生後、火災の延焼拡大等により一時避難場所が危険な状況になった場合の避難場所として市が指定しています。,北区,屋外
139.0563954,37.9407134,1524,水戸教公園,雲雀町18番地, , ,一時避難場所に指定しています。　・災害が発生し、または発生の恐れがある場合に、一時的に避難する場所として市が指定した場所です。,本庁,屋外
139.0724964,37.94186145,1328,青葉公園,臨港1丁目8番10号, , ,一時避難場所に指定しています。　・災害が発生し、または発生の恐れがある場合に、一時的に避難する場所として市が指定した場所です。,中地区,屋外
139.0945067,37.94896728,1490,牛海道中央公園,空港西1丁目14番1号, , ,一時避難場所に指定しています。　・災害が発生し、または発生の恐れがある場合に、一時的に避難する場所として市が指定した場所です。,中地区,屋外
139.0936206,37.9538922,1491,山の下海浜公園,船江町1丁目52番1号, , ,一時避難場所に指定しています。　・災害が発生し、または発生の恐れがある場合に、一時的に避難する場所として市が指定した場所です。,中地区,屋外
139.0831577,37.94106819,1502,秋葉自然公園,秋葉1丁目5番5号, , ,一時避難場所に指定しています。　・災害が発生し、または発生の恐れがある場合に、一時的に避難する場所として市が指定した場所です。,中地区,屋外
139.1152911,37.94578075,1528,大空公園,太平2丁目11番地, , ,一時避難場所に指定しています。　・災害が発生し、または発生の恐れがある場合に、一時的に避難する場所として市が指定した場所です。,中地区,屋外
139.1429962,37.95745507,1327,ちとせ公園,松浜５丁目12番地1, , ,一時避難場所に指定しています。　・災害が発生し、または発生の恐れがある場合に、一時的に避難する場所として市が指定した場所です。,北地区,屋外
139.1569925,37.9579907,1477,陽光南公園,太夫浜新町1丁目5-1, , ,一時避難場所に指定しています。　・災害が発生し、または発生の恐れがある場合に、一時的に避難する場所として市が指定した場所です。,北地区,屋外
139.1412058,37.95337848,1480,あかしあ公園,松浜3丁目19番地8, , ,一時避難場所に指定しています。　・災害が発生し、または発生の恐れがある場合に、一時的に避難する場所として市が指定した場所です。,北地区,屋外
139.1453594,37.95182423,1481,山の上公園,松浜1丁目17番地, , ,一時避難場所に指定しています。　・災害が発生し、または発生の恐れがある場合に、一時的に避難する場所として市が指定した場所です。,北地区,屋外
139.1371611,37.95732373,1482,みなと公園,松浜7丁目9番地1, , ,一時避難場所に指定しています。　・災害が発生し、または発生の恐れがある場合に、一時的に避難する場所として市が指定した場所です。,北地区,屋外
139.1250881,37.94362731,1484,津島屋公園,津島屋6丁目5番地1, , ,一時避難場所に指定しています。　・災害が発生し、または発生の恐れがある場合に、一時的に避難する場所として市が指定した場所です。,東地区,屋外
139.11376,37.93748922,1485,松崎公園,白銀2丁目7番地1, , ,一時避難場所に指定しています。　・災害が発生し、または発生の恐れがある場合に、一時的に避難する場所として市が指定した場所です。,東地区,屋外
139.1033099,37.94208223,1492,じゅんさい池公園,松園2丁目2番1号, , ,広域避難場所に指定しています。　・地震発生後、火災の延焼拡大等により一時避難場所が危険な状況になった場合の避難場所として市が指定しています。,中地区,屋外
139.0967904,37.93944171,1495,小金公園,松和町1番1号, , ,一時避難場所に指定しています。　・災害が発生し、または発生の恐れがある場合に、一時的に避難する場所として市が指定した場所です。,中地区,屋外
139.1114889,37.93951058,1496,河渡中央公園,有楽3丁目3番地1, , ,一時避難場所に指定しています。　・災害が発生し、または発生の恐れがある場合に、一時的に避難する場所として市が指定した場所です。,中地区,屋外
139.1018927,37.94387088,1497,赤トンボ公園,幸栄1丁目9番30号, , ,一時避難場所に指定しています。　・災害が発生し、または発生の恐れがある場合に、一時的に避難する場所として市が指定した場所です。,中地区,屋外
139.1196577,37.94759987,1499,宮浦公園,太平1丁目1番地3, , ,一時避難場所に指定しています。　・災害が発生し、または発生の恐れがある場合に、一時的に避難する場所として市が指定した場所です。,中地区,屋外
139.1113923,37.94399112,1500,太平公園,太平3丁目24番地, , ,一時避難場所に指定しています。　・災害が発生し、または発生の恐れがある場合に、一時的に避難する場所として市が指定した場所です。,中地区,屋外
139.1598766,37.93806659,1501,濁川公園,濁川686番地1, , ,広域避難場所に指定しています。　・地震発生後、火災の延焼拡大等により一時避難場所が危険な状況になった場合の避難場所として市が指定しています。,北地区,屋外
139.1926395,37.94361107,1364,やまどおり公園,木崎字樋ノ入山2741-1, , ,一時避難場所に指定しています。　・災害が発生し、または発生の恐れがある場合に、一時的に避難する場所として市が指定した場所です。,北区,屋外
139.1903994,37.94205188,1367,見国山公園,木崎字見国山2878-5, , ,一時避難場所に指定しています。　・災害が発生し、または発生の恐れがある場合に、一時的に避難する場所として市が指定した場所です。,北区,屋外
139.1949363,37.96996991,1475,島見公園,島見町1876番地1, , ,一時避難場所に指定しています。　・災害が発生し、または発生の恐れがある場合に、一時的に避難する場所として市が指定した場所です。,北地区,屋外
139.2529563,37.94234619,1355,太田農村公園,太田字下黒山2005, , ,一時避難場所に指定しています。　・災害が発生し、または発生の恐れがある場合に、一時的に避難する場所として市が指定した場所です。,北区,屋外
